8.000000000000000000e+00,1.500000000000000000e+01,4.000000000000000000e+00,1.300000000000000000e+01,8.000000000000000000e+00,1.000000000000000000e+01,9.000000000000000000e+00,7.000000000000000000e+00,1.800000000000000000e+01,6.000000000000000000e+00,1.300000000000000000e+01,1.300000000000000000e+01,1.741876180628090509e+01,6.813733471206734116e+00,1.683752361256180663e+01,7.627466942413470008e+00,1.658313696465726039e+01,6.831310389121463267e+00,1.694647412783332285e+01,7.090836934247222167e+00,0.000000000000000000e+00,3.310958836066245081e-01
8.000000000000000000e+00,1.500000000000000000e+01,4.000000000000000000e+00,1.300000000000000000e+01,8.000000000000000000e+00,1.000000000000000000e+01,9.000000000000000000e+00,7.000000000000000000e+00,1.800000000000000000e+01,6.000000000000000000e+00,1.300000000000000000e+01,1.300000000000000000e+01,1.368861686300975400e+01,9.956985354665047083e+00,1.357999753909381546e+01,1.078231860293533728e+01,1.284468740809328402e+01,1.039207234801887303e+01,1.337110060339895057e+01,1.037712543520641795e+01,0.000000000000000000e+00,2.548492324627449346e-01
8.000000000000000000e+00,1.500000000000000000e+01,4.000000000000000000e+00,1.300000000000000000e+01,8.000000000000000000e+00,1.000000000000000000e+01,9.000000000000000000e+00,7.000000000000000000e+00,1.800000000000000000e+01,6.000000000000000000e+00,1.300000000000000000e+01,1.300000000000000000e+01,1.658313696465726039e+01,6.831310389121463267e+00,1.700611626532637999e+01,6.110431526074846964e+00,1.741876180628090509e+01,6.813733471206734116e+00,1.700267167875484731e+01,6.585158462134348412e+00,0.000000000000000000e+00,3.488761132729891190e-01
8.000000000000000000e+00,1.500000000000000000e+01,4.000000000000000000e+00,1.300000000000000000e+01,8.000000000000000000e+00,1.000000000000000000e+01,9.000000000000000000e+00,7.000000000000000000e+00,1.800000000000000000e+01,6.000000000000000000e+00,1.300000000000000000e+01,1.300000000000000000e+01,1.700611626532637999e+01,6.110431526074846964e+00,1.800000000000000000e+01,6.000000000000000000e+00,1.741876180628090509e+01,6.813733471206734116e+00,1.747495935720242954e+01,6.308054999093861248e+00,0.000000000000000000e+00,3.630895954732683006e-01
8.000000000000000000e+00,1.500000000000000000e+01,4.000000000000000000e+00,1.300000000000000000e+01,8.000000000000000000e+00,1.000000000000000000e+01,9.000000000000000000e+00,7.000000000000000000e+00,1.800000000000000000e+01,6.000000000000000000e+00,1.300000000000000000e+01,1.300000000000000000e+01,1.602070362444401752e+01,7.449737056642693034e+00,1.542912553959016719e+01,6.971533438314748921e+00,1.658313696465726039e+01,6.831310389121463267e+00,1.601098870956381504e+01,7.084193628026302036e+00,0.000000000000000000e+00,3.119868979553110377e-01
8.000000000000000000e+00,1.500000000000000000e+01,4.000000000000000000e+00,1.300000000000000000e+01,8.000000000000000000e+00,1.000000000000000000e+01,9.000000000000000000e+00,7.000000000000000000e+00,1.800000000000000000e+01,6.000000000000000000e+00,1.300000000000000000e+01,1.300000000000000000e+01,9.273649111147378221e+00,9.345899958263133911e+00,1.033804653837601961e+01,9.771502828880505476e+00,9.897551588085438112e+00,1.030757837948264566e+01,9.836415745869611982e+00,9.808327055542095607e+00,0.000000000000000000e+00,1.724311665245350789e-01
8.000000000000000000e+00,1.500000000000000000e+01,4.000000000000000000e+00,1.300000000000000000e+01,8.000000000000000000e+00,1.000000000000000000e+01,9.000000000000000000e+00,7.000000000000000000e+00,1.800000000000000000e+01,6.000000000000000000e+00,1.300000000000000000e+01,1.300000000000000000e+01,7.819047744305037462e+00,1.198196922729502134e+01,6.806265859823698250e+00,1.161527066449647805e+01,7.410649735269842608e+00,1.134573968421615930e+01,7.345321113132858848e+00,1.164765985866922016e+01,0.000000000000000000e+00,1.746091525563471247e-01
8.000000000000000000e+00,1.500000000000000000e+01,4.000000000000000000e+00,1.300000000000000000e+01,8.000000000000000000e+00,1.000000000000000000e+01,9.000000000000000000e+00,7.000000000000000000e+00,1.800000000000000000e+01,6.000000000000000000e+00,1.300000000000000000e+01,1.300000000000000000e+01,1.683752361256180663e+01,7.627466942413470008e+00,1.602070362444401752e+01,7.449737056642693034e+00,1.658313696465726039e+01,6.831310389121463267e+00,1.648045473388769366e+01,7.302838129392541511e+00,0.000000000000000000e+00,3.119868979553110377e-01
8.000000000000000000e+00,1.500000000000000000e+01,4.000000000000000000e+00,1.300000000000000000e+01,8.000000000000000000e+00,1.000000000000000000e+01,9.000000000000000000e+00,7.000000000000000000e+00,1.800000000000000000e+01,6.000000000000000000e+00,1.300000000000000000e+01,1.300000000000000000e+01,1.542912553959016719e+01,6.971533438314748921e+00,1.601223253065276353e+01,6.220863052149693040e+00,1.658313696465726039e+01,6.831310389121463267e+00,1.600816501163339822e+01,6.674568959861968409e+00,0.000000000000000000e+00,3.204841257783392905e-01
8.000000000000000000e+00,1.500000000000000000e+01,4.000000000000000000e+00,1.300000000000000000e+01,8.000000000000000000e+00,1.000000000000000000e+01,9.000000000000000000e+00,7.000000000000000000e+00,1.800000000000000000e+01,6.000000000000000000e+00,1.300000000000000000e+01,1.300000000000000000e+01,1.166666666666666607e+01,9.555555555555555358e+00,1.215975943083704180e+01,9.071905220483813537e+00,1.225053022143907988e+01,9.981061930531103243e+00,1.202565210631426140e+01,9.536174235523491305e+00,0.000000000000000000e+00,2.281348135850475300e-01
8.000000000000000000e+00,1.500000000000000000e+01,4.000000000000000000e+00,1.300000000000000000e+01,8.000000000000000000e+00,1.000000000000000000e+01,9.000000000000000000e+00,7.000000000000000000e+00,1.800000000000000000e+01,6.000000000000000000e+00,1.300000000000000000e+01,1.300000000000000000e+01,1.062298839175054432e+01,1.127906949166254691e+01,1.009806115353710432e+01,1.214591335960114726e+01,9.889715027284353255e+00,1.142738718887553873e+01,1.020358819085733337e+01,1.161745668004641097e+01,0.000000000000000000e+00,1.826591998009493567e-01
8.000000000000000000e+00,1.500000000000000000e+01,4.000000000000000000e+00,1.300000000000000000e+01,8.000000000000000000e+00,1.000000000000000000e+01,9.000000000000000000e+00,7.000000000000000000e+00,1.800000000000000000e+01,6.000000000000000000e+00,1.300000000000000000e+01,1.300000000000000000e+01,1.368205540031041778e+01,7.118151161041110342e+00,1.402446506130552528e+01,6.441726104299386080e+00,1.429793080724955701e+01,7.383303224423951150e+00,1.400148375628850062e+01,6.981060163254816153e+00,0.000000000000000000e+00,2.834844598520780412e-01
8.000000000000000000e+00,1.500000000000000000e+01,4.000000000000000000e+00,1.300000000000000000e+01,8.000000000000000000e+00,1.000000000000000000e+01,9.000000000000000000e+00,7.000000000000000000e+00,1.800000000000000000e+01,6.000000000000000000e+00,1.300000000000000000e+01,1.300000000000000000e+01,1.602070362444401752e+01,7.449737056642693034e+00,1.625628541884271172e+01,8.441200413620205012e+00,1.544973874904748357e+01,8.479547454269514617e+00,1.590890926411140605e+01,8.123494974844136962e+00,0.000000000000000000e+00,3.119868979553110377e-01
8.000000000000000000e+00,1.500000000000000000e+01,4.000000000000000000e+00,1.300000000000000000e+01,8.000000000000000000e+00,1.000000000000000000e+01,9.000000000000000000e+00,7.000000000000000000e+00,1.800000000000000000e+01,6.000000000000000000e+00,1.300000000000000000e+01,1.300000000000000000e+01,1.601223253065276353e+01,6.220863052149693040e+00,1.700611626532637999e+01,6.110431526074846964e+00,1.658313696465726039e+01,6.831310389121463267e+00,1.653382858687880130e+01,6.387534989115334128e+00,0.000000000000000000e+00,3.204841257783392905e-01
8.000000000000000000e+00,1.500000000000000000e+01,4.000000000000000000e+00,1.300000000000000000e+01,8.000000000000000000e+00,1.000000000000000000e+01,9.000000000000000000e+00,7.000000000000000000e+00,1.800000000000000000e+01,6.000000000000000000e+00,1.300000000000000000e+01,1.300000000000000000e+01,1.567504722512361504e+01,9.254933884826940016e+00,1.500628541884271172e+01,1.019120041362020501e+01,1.471321873286833615e+01,9.274890299855838904e+00,1.513151712561155371e+01,9.573674866100994052e+00,0.000000000000000000e+00,2.898904639482548506e-01
8.000000000000000000e+00,1.500000000000000000e+01,4.000000000000000000e+00,1.300000000000000000e+01,8.000000000000000000e+00,1.000000000000000000e+01,9.000000000000000000e+00,7.000000000000000000e+00,1.800000000000000000e+01,6.000000000000000000e+00,1.300000000000000000e+01,1.300000000000000000e+01,1.501834879597914352e+01,6.331294578224540004e+00,1.542912553959016719e+01,6.971533438314748921e+00,1.429793080724955701e+01,7.383303224423951150e+00,1.491513504760628983e+01,6.895377080321080321e+00,0.000000000000000000e+00,3.279963851058776969e-01
8.000000000000000000e+00,1.500000000000000000e+01,4.000000000000000000e+00,1.300000000000000000e+01,8.000000000000000000e+00,1.000000000000000000e+01,9.000000000000000000e+00,7.000000000000000000e+00,1.800000000000000000e+01,6.000000000000000000e+00,1.300000000000000000e+01,1.300000000000000000e+01,1.544973874904748357e+01,8.479547454269514617e+00,1.625628541884271172e+01,8.441200413620205012e+00,1.567504722512361504e+01,9.254933884826940016e+00,1.579369046433793677e+01,8.725227250905552623e+00,0.000000000000000000e+00,3.247510124983145618e-01
8.000000000000000000e+00,1.500000000000000000e+01,4.000000000000000000e+00,1.300000000000000000e+01,8.000000000000000000e+00,1.000000000000000000e+01,9.000000000000000000e+00,7.000000000000000000e+00,1.800000000000000000e+01,6.000000000000000000e+00,1.300000000000000000e+01,1.300000000000000000e+01,1.602070362444401752e+01,7.449737056642693034e+00,1.522443027297135032e+01,7.704161023712090106e+00,1.542912553959016719e+01,6.971533438314748921e+00,1.555808647900184383e+01,7.375143839556510095e+00,0.000000000000000000e+00,2.865444146762908817e-01
8.000000000000000000e+00,1.500000000000000000e+01,4.000000000000000000e+00,1.300000000000000000e+01,8.000000000000000000e+00,1.000000000000000000e+01,9.000000000000000000e+00,7.000000000000000000e+00,1.800000000000000000e+01,6.000000000000000000e+00,1.300000000000000000e+01,1.300000000000000000e+01,1.438084627376472291e+01,9.886215483537192483e+00,1.433752361256180663e+01,1.112746694241347001e+01,1.357999753909381546e+01,1.078231860293533728e+01,1.409945580847344893e+01,1.059866700962866659e+01,0.000000000000000000e+00,2.703137160474073375e-01
8.000000000000000000e+00,1.500000000000000000e+01,4.000000000000000000e+00,1.300000000000000000e+01,8.000000000000000000e+00,1.000000000000000000e+01,9.000000000000000000e+00,7.000000000000000000e+00,1.800000000000000000e+01,6.000000000000000000e+00,1.300000000000000000e+01,1.300000000000000000e+01,1.602070362444401752e+01,7.449737056642693034e+00,1.683752361256180663e+01,7.627466942413470008e+00,1.625628541884271172e+01,8.441200413620205012e+00,1.637150421861617744e+01,7.839468137558789351e+00,0.000000000000000000e+00,3.119868979553110377e-01
8.000000000000000000e+00,1.500000000000000000e+01,4.000000000000000000e+00,1.300000000000000000e+01,8.000000000000000000e+00,1.000000000000000000e+01,9.000000000000000000e+00,7.000000000000000000e+00,1.800000000000000000e+01,6.000000000000000000e+00,1.300000000000000000e+01,1.300000000000000000e+01,1.602070362444401752e+01,7.449737056642693034e+00,1.544973874904748357e+01,8.479547454269514617e+00,1.522443027297135032e+01,7.704161023712090106e+00,1.556495754882095106e+01,7.877815178208098956e+00,0.000000000000000000e+00,2.865444146762908817e-01
8.000000000000000000e+00,1.500000000000000000e+01,4.000000000000000000e+00,1.300000000000000000e+01,8.000000000000000000e+00,1.000000000000000000e+01,9.000000000000000000e+00,7.000000000000000000e+00,1.800000000000000000e+01,6.000000000000000000e+00,1.300000000000000000e+01,1.300000000000000000e+01,1.223372867975562173e+01,7.402747207610408609e+00,1.124344135485632101e+01,7.727915555232583777e+00,1.151223253065276353e+01,6.720863052149693040e+00,1.166313418842157112e+01,7.283841938330894550e+00,0.000000000000000000e+00,2.029670663489358540e-01
8.000000000000000000e+00,1.500000000000000000e+01,4.000000000000000000e+00,1.300000000000000000e+01,8.000000000000000000e+00,1.000000000000000000e+01,9.000000000000000000e+00,7.000000000000000000e+00,1.800000000000000000e+01,6.000000000000000000e+00,1.300000000000000000e+01,1.300000000000000000e+01,1.443378708278871159e+01,8.354330546255537726e+00,1.471321873286833615e+01,9.274890299855838904e+00,1.345080576404288308e+01,8.639961057971758507e+00,1.419927052656664301e+01,8.756393968027710528e+00,0.000000000000000000e+00,2.845576810241049470e-01
8.000000000000000000e+00,1.500000000000000000e+01,4.000000000000000000e+00,1.300000000000000000e+01,8.000000000000000000e+00,1.000000000000000000e+01,9.000000000000000000e+00,7.000000000000000000e+00,1.800000000000000000e+01,6.000000000000000000e+00,1.300000000000000000e+01,1.300000000000000000e+01,1.522443027297135032e+01,7.704161023712090106e+00,1.544973874904748357e+01,8.479547454269514617e+00,1.443378708278871159e+01,8.354330546255537726e+00,1.503598536826918064e+01,8.179346341412381705e+00,0.000000000000000000e+00,2.845576810241049470e-01
8.000000000000000000e+00,1.500000000000000000e+01,4.000000000000000000e+00,1.300000000000000000e+01,8.000000000000000000e+00,1.000000000000000000e+01,9.000000000000000000e+00,7.000000000000000000e+00,1.800000000000000000e+01,6.000000000000000000e+00,1.300000000000000000e+01,1.300000000000000000e+01,1.544973874904748357e+01,8.479547454269514617e+00,1.567504722512361504e+01,9.254933884826940016e+00,1.471321873286833615e+01,9.274890299855838904e+00,1.527933490234647707e+01,9.003123879650765105e+00,0.000000000000000000e+00,3.247510124983145618e-01
8.000000000000000000e+00,1.500000000000000000e+01,4.000000000000000000e+00,1.300000000000000000e+01,8.000000000000000000e+00,1.000000000000000000e+01,9.000000000000000000e+00,7.000000000000000000e+00,1.800000000000000000e+01,6.000000000000000000e+00,1.300000000000000000e+01,1.300000000000000000e+01,1.544973874904748357e+01,8.479547454269514617e+00,1.471321873286833615e+01,9.274890299855838904e+00,1.443378708278871159e+01,8.354330546255537726e+00,1.486558152156817592e+01,8.702922766793632192e+00,0.000000000000000000e+00,2.845576810241049470e-01
8.000000000000000000e+00,1.500000000000000000e+01,4.000000000000000000e+00,1.300000000000000000e+01,8.000000000000000000e+00,1.000000000000000000e+01,9.000000000000000000e+00,7.000000000000000000e+00,1.800000000000000000e+01,6.000000000000000000e+00,1.300000000000000000e+01,1.300000000000000000e+01,1.223372867975562173e+01,7.402747207610408609e+00,1.319739062340409497e+01,7.581517309583461817e+00,1.288137294175238168e+01,8.216737525364907313e+00,1.277083074830403397e+01,7.733667347519592283e+00,0.000000000000000000e+00,2.227746584548844500e-01
8.000000000000000000e+00,1.500000000000000000e+01,4.000000000000000000e+00,1.300000000000000000e+01,8.000000000000000000e+00,1.000000000000000000e+01,9.000000000000000000e+00,7.000000000000000000e+00,1.800000000000000000e+01,6.000000000000000000e+00,1.300000000000000000e+01,1.300000000000000000e+01,1.300000000000000000e+01,1.300000000000000000e+01,1.238864436922557388e+01,1.225229412032790677e+01,1.299121831351449430e+01,1.190353380033484854e+01,1.279328756091335606e+01,1.238527597355425236e+01,0.000000000000000000e+00,2.435742246054103666e-01
8.000000000000000000e+00,1.500000000000000000e+01,4.000000000000000000e+00,1.300000000000000000e+01,8.000000000000000000e+00,1.000000000000000000e+01,9.000000000000000000e+00,7.000000000000000000e+00,1.800000000000000000e+01,6.000000000000000000e+00,1.300000000000000000e+01,1.300000000000000000e+01,1.273874150883721512e+01,9.448518913871073011e+00,1.225053022143907988e+01,9.981061930531103243e+00,1.215975943083704180e+01,9.071905220483813537e+00,1.238301038703777834e+01,9.500495354961996597e+00,0.000000000000000000e+00,2.439725793454070590e-01
8.000000000000000000e+00,1.500000000000000000e+01,4.000000000000000000e+00,1.300000000000000000e+01,8.000000000000000000e+00,1.000000000000000000e+01,9.000000000000000000e+00,7.000000000000000000e+00,1.800000000000000000e+01,6.000000000000000000e+00,1.300000000000000000e+01,1.300000000000000000e+01,1.500628541884271172e+01,1.019120041362020501e+01,1.438084627376472291e+01,9.886215483537192483e+00,1.471321873286833615e+01,9.274890299855838904e+00,1.470011680849192182e+01,9.784102065671078208e+00,0.000000000000000000e+00,2.898904639482548506e-01
8.000000000000000000e+00,1.500000000000000000e+01,4.000000000000000000e+00,1.300000000000000000e+01,8.000000000000000000e+00,1.000000000000000000e+01,9.000000000000000000e+00,7.000000000000000000e+00,1.800000000000000000e+01,6.000000000000000000e+00,1.300000000000000000e+01,1.300000000000000000e+01,1.438084627376472291e+01,9.886215483537192483e+00,1.341514939964243247e+01,9.326381984228905964e+00,1.471321873286833615e+01,9.274890299855838904e+00,1.416973813542516325e+01,9.495829255873978525e+00,0.000000000000000000e+00,2.580651734585154289e-01
8.000000000000000000e+00,1.500000000000000000e+01,4.000000000000000000e+00,1.300000000000000000e+01,8.000000000000000000e+00,1.000000000000000000e+01,9.000000000000000000e+00,7.000000000000000000e+00,1.800000000000000000e+01,6.000000000000000000e+00,1.300000000000000000e+01,1.300000000000000000e+01,1.433752361256180663e+01,1.112746694241347001e+01,1.438084627376472291e+01,9.886215483537192483e+00,1.500628541884271172e+01,1.019120041362020501e+01,1.457488510172307805e+01,1.040162761319028917e+01,0.000000000000000000e+00,2.703137160474073375e-01
8.000000000000000000e+00,1.500000000000000000e+01,4.000000000000000000e+00,1.300000000000000000e+01,8.000000000000000000e+00,1.000000000000000000e+01,9.000000000000000000e+00,7.000000000000000000e+00,1.800000000000000000e+01,6.000000000000000000e+00,1.300000000000000000e+01,1.300000000000000000e+01,1.341514939964243247e+01,9.326381984228905964e+00,1.438084627376472291e+01,9.886215483537192483e+00,1.368861686300975400e+01,9.956985354665047083e+00,1.382820417880563646e+01,9.723194274143715177e+00,0.000000000000000000e+00,2.580651734585154289e-01
8.000000000000000000e+00,1.500000000000000000e+01,4.000000000000000000e+00,1.300000000000000000e+01,8.000000000000000000e+00,1.000000000000000000e+01,9.000000000000000000e+00,7.000000000000000000e+00,1.800000000000000000e+01,6.000000000000000000e+00,1.300000000000000000e+01,1.300000000000000000e+01,1.522443027297135032e+01,7.704161023712090106e+00,1.443378708278871159e+01,8.354330546255537726e+00,1.429793080724955701e+01,7.383303224423951150e+00,1.465204938766987119e+01,7.813931598130526623e+00,0.000000000000000000e+00,2.845576810241049470e-01
8.000000000000000000e+00,1.500000000000000000e+01,4.000000000000000000e+00,1.300000000000000000e+01,8.000000000000000000e+00,1.000000000000000000e+01,9.000000000000000000e+00,7.000000000000000000e+00,1.800000000000000000e+01,6.000000000000000000e+00,1.300000000000000000e+01,1.300000000000000000e+01,1.383073921609211432e+01,7.943685400061265334e+00,1.288137294175238168e+01,8.216737525364907313e+00,1.319739062340409497e+01,7.581517309583461817e+00,1.330316759374952973e+01,7.913980078336543933e+00,0.000000000000000000e+00,2.559996962596208236e-01
8.000000000000000000e+00,1.500000000000000000e+01,4.000000000000000000e+00,1.300000000000000000e+01,8.000000000000000000e+00,1.000000000000000000e+01,9.000000000000000000e+00,7.000000000000000000e+00,1.800000000000000000e+01,6.000000000000000000e+00,1.300000000000000000e+01,1.300000000000000000e+01,1.345080576404288308e+01,8.639961057971758507e+00,1.288137294175238168e+01,8.216737525364907313e+00,1.383073921609211432e+01,7.943685400061265334e+00,1.338763930729579243e+01,8.266794661132644606e+00,0.000000000000000000e+00,2.862706847040046854e-01
8.000000000000000000e+00,1.500000000000000000e+01,4.000000000000000000e+00,1.300000000000000000e+01,8.000000000000000000e+00,1.000000000000000000e+01,9.000000000000000000e+00,7.000000000000000000e+00,1.800000000000000000e+01,6.000000000000000000e+00,1.300000000000000000e+01,1.300000000000000000e+01,1.429793080724955701e+01,7.383303224423951150e+00,1.542912553959016719e+01,6.971533438314748921e+00,1.522443027297135032e+01,7.704161023712090106e+00,1.498382887327035995e+01,7.352999228816930355e+00,0.000000000000000000e+00,2.865444146762908817e-01
8.000000000000000000e+00,1.500000000000000000e+01,4.000000000000000000e+00,1.300000000000000000e+01,8.000000000000000000e+00,1.000000000000000000e+01,9.000000000000000000e+00,7.000000000000000000e+00,1.800000000000000000e+01,6.000000000000000000e+00,1.300000000000000000e+01,1.300000000000000000e+01,1.429793080724955701e+01,7.383303224423951150e+00,1.402446506130552528e+01,6.441726104299386080e+00,1.501834879597914352e+01,6.331294578224540004e+00,1.444691488817807645e+01,6.718774635649292115e+00,0.000000000000000000e+00,2.834844598520780412e-01
8.000000000000000000e+00,1.500000000000000000e+01,4.000000000000000000e+00,1.300000000000000000e+01,8.000000000000000000e+00,1.000000000000000000e+01,9.000000000000000000e+00,7.000000000000000000e+00,1.800000000000000000e+01,6.000000000000000000e+00,1.300000000000000000e+01,1.300000000000000000e+01,1.601223253065276353e+01,6.220863052149693040e+00,1.542912553959016719e+01,6.971533438314748921e+00,1.501834879597914352e+01,6.331294578224540004e+00,1.548656895540735867e+01,6.507897022896327321e+00,0.000000000000000000e+00,3.204841257783392905e-01
8.000000000000000000e+00,1.500000000000000000e+01,4.000000000000000000e+00,1.300000000000000000e+01,8.000000000000000000e+00,1.000000000000000000e+01,9.000000000000000000e+00,7.000000000000000000e+00,1.800000000000000000e+01,6.000000000000000000e+00,1.300000000000000000e+01,1.300000000000000000e+01,1.288137294175238168e+01,8.216737525364907313e+00,1.273874150883721512e+01,9.448518913871073011e+00,1.215975943083704180e+01,9.071905220483813537e+00,1.259329129380888013e+01,8.912387219906598546e+00,0.000000000000000000e+00,2.862706847040046854e-01
8.000000000000000000e+00,1.500000000000000000e+01,4.000000000000000000e+00,1.300000000000000000e+01,8.000000000000000000e+00,1.000000000000000000e+01,9.000000000000000000e+00,7.000000000000000000e+00,1.800000000000000000e+01,6.000000000000000000e+00,1.300000000000000000e+01,1.300000000000000000e+01,1.368205540031041778e+01,7.118151161041110342e+00,1.319739062340409497e+01,7.581517309583461817e+00,1.276834879597914352e+01,6.581294578224540004e+00,1.321593160656455268e+01,7.093654349616371313e+00,0.000000000000000000e+00,2.559996962596208236e-01
8.000000000000000000e+00,1.500000000000000000e+01,4.000000000000000000e+00,1.300000000000000000e+01,8.000000000000000000e+00,1.000000000000000000e+01,9.000000000000000000e+00,7.000000000000000000e+00,1.800000000000000000e+01,6.000000000000000000e+00,1.300000000000000000e+01,1.300000000000000000e+01,1.429793080724955701e+01,7.383303224423951150e+00,1.443378708278871159e+01,8.354330546255537726e+00,1.383073921609211432e+01,7.943685400061265334e+00,1.418748570204346038e+01,7.893773056913584441e+00,0.000000000000000000e+00,2.845576810241049470e-01
8.000000000000000000e+00,1.500000000000000000e+01,4.000000000000000000e+00,1.300000000000000000e+01,8.000000000000000000e+00,1.000000000000000000e+01,9.000000000000000000e+00,7.000000000000000000e+00,1.800000000000000000e+01,6.000000000000000000e+00,1.300000000000000000e+01,1.300000000000000000e+01,1.339640692864233529e+01,6.511510341261963042e+00,1.368205540031041778e+01,7.118151161041110342e+00,1.276834879597914352e+01,6.581294578224540004e+00,1.328227037497729945e+01,6.736985360175871129e+00,0.000000000000000000e+00,2.262077343689397613e-01
8.000000000000000000e+00,1.500000000000000000e+01,4.000000000000000000e+00,1.300000000000000000e+01,8.000000000000000000e+00,1.000000000000000000e+01,9.000000000000000000e+00,7.000000000000000000e+00,1.800000000000000000e+01,6.000000000000000000e+00,1.300000000000000000e+01,1.300000000000000000e+01,1.345080576404288308e+01,8.639961057971758507e+00,1.383073921609211432e+01,7.943685400061265334e+00,1.443378708278871159e+01,8.354330546255537726e+00,1.390511068764123515e+01,8.312659001429521410e+00,0.000000000000000000e+00,2.845576810241049470e-01
8.000000000000000000e+00,1.500000000000000000e+01,4.000000000000000000e+00,1.300000000000000000e+01,8.000000000000000000e+00,1.000000000000000000e+01,9.000000000000000000e+00,7.000000000000000000e+00,1.800000000000000000e+01,6.000000000000000000e+00,1.300000000000000000e+01,1.300000000000000000e+01,1.368205540031041778e+01,7.118151161041110342e+00,1.383073921609211432e+01,7.943685400061265334e+00,1.319739062340409497e+01,7.581517309583461817e+00,1.357006174660220843e+01,7.547784623561945239e+00,0.000000000000000000e+00,2.559996962596208236e-01
8.000000000000000000e+00,1.500000000000000000e+01,4.000000000000000000e+00,1.300000000000000000e+01,8.000000000000000000e+00,1.000000000000000000e+01,9.000000000000000000e+00,7.000000000000000000e+00,1.800000000000000000e+01,6.000000000000000000e+00,1.300000000000000000e+01,1.300000000000000000e+01,1.402446506130552528e+01,6.441726104299386080e+00,1.368205540031041778e+01,7.118151161041110342e+00,1.339640692864233529e+01,6.511510341261963042e+00,1.370097579675275945e+01,6.690462535534153155e+00,0.000000000000000000e+00,2.262077343689397613e-01
8.000000000000000000e+00,1.500000000000000000e+01,4.000000000000000000e+00,1.300000000000000000e+01,8.000000000000000000e+00,1.000000000000000000e+01,9.000000000000000000e+00,7.000000000000000000e+00,1.800000000000000000e+01,6.000000000000000000e+00,1.300000000000000000e+01,1.300000000000000000e+01,1.383073921609211432e+01,7.943685400061265334e+00,1.368205540031041778e+01,7.118151161041110342e+00,1.429793080724955701e+01,7.383303224423951150e+00,1.393690847455069637e+01,7.481713261842108942e+00,0.000000000000000000e+00,2.876373648546214912e-01
8.000000000000000000e+00,1.500000000000000000e+01,4.000000000000000000e+00,1.300000000000000000e+01,8.000000000000000000e+00,1.000000000000000000e+01,9.000000000000000000e+00,7.000000000000000000e+00,1.800000000000000000e+01,6.000000000000000000e+00,1.300000000000000000e+01,1.300000000000000000e+01,1.034840056553589527e+01,8.262055448522929169e+00,1.109861754749912244e+01,8.502204295732235906e+00,1.072568698827998013e+01,9.196048505077872193e+00,1.072423503377166476e+01,8.653436083111012422e+00,0.000000000000000000e+00,1.293370279987738625e-01
8.000000000000000000e+00,1.500000000000000000e+01,4.000000000000000000e+00,1.300000000000000000e+01,8.000000000000000000e+00,1.000000000000000000e+01,9.000000000000000000e+00,7.000000000000000000e+00,1.800000000000000000e+01,6.000000000000000000e+00,1.300000000000000000e+01,1.300000000000000000e+01,1.319739062340409497e+01,7.581517309583461817e+00,1.223372867975562173e+01,7.402747207610408609e+00,1.276834879597914352e+01,6.581294578224540004e+00,1.273315603304628674e+01,7.188519698472803476e+00,0.000000000000000000e+00,2.227746584548844500e-01
8.000000000000000000e+00,1.500000000000000000e+01,4.000000000000000000e+00,1.300000000000000000e+01,8.000000000000000000e+00,1.000000000000000000e+01,9.000000000000000000e+00,7.000000000000000000e+00,1.800000000000000000e+01,6.000000000000000000e+00,1.300000000000000000e+01,1.300000000000000000e+01,1.273874150883721512e+01,9.448518913871073011e+00,1.288137294175238168e+01,8.216737525364907313e+00,1.345080576404288308e+01,8.639961057971758507e+00,1.302364007154415937e+01,8.768405832402580202e+00,0.000000000000000000e+00,2.862706847040046854e-01
8.000000000000000000e+00,1.500000000000000000e+01,4.000000000000000000e+00,1.300000000000000000e+01,8.000000000000000000e+00,1.000000000000000000e+01,9.000000000000000000e+00,7.000000000000000000e+00,1.800000000000000000e+01,6.000000000000000000e+00,1.300000000000000000e+01,1.300000000000000000e+01,1.223372867975562173e+01,7.402747207610408609e+00,1.288137294175238168e+01,8.216737525364907313e+00,1.219138639053674567e+01,8.381935760208689246e+00,1.243549600401491695e+01,8.000473497728002314e+00,0.000000000000000000e+00,2.227746584548844500e-01
8.000000000000000000e+00,1.500000000000000000e+01,4.000000000000000000e+00,1.300000000000000000e+01,8.000000000000000000e+00,1.000000000000000000e+01,9.000000000000000000e+00,7.000000000000000000e+00,1.800000000000000000e+01,6.000000000000000000e+00,1.300000000000000000e+01,1.300000000000000000e+01,1.215975943083704180e+01,9.071905220483813537e+00,1.166666666666666607e+01,9.555555555555555358e+00,1.109861754749912244e+01,8.502204295732235906e+00,1.164168121500094344e+01,9.043221690590534934e+00,0.000000000000000000e+00,1.935492729946484136e-01
8.000000000000000000e+00,1.500000000000000000e+01,4.000000000000000000e+00,1.300000000000000000e+01,8.000000000000000000e+00,1.000000000000000000e+01,9.000000000000000000e+00,7.000000000000000000e+00,1.800000000000000000e+01,6.000000000000000000e+00,1.300000000000000000e+01,1.300000000000000000e+01,1.151223253065276353e+01,6.720863052149693040e+00,1.276834879597914352e+01,6.581294578224540004e+00,1.223372867975562173e+01,7.402747207610408609e+00,1.217143666879584352e+01,6.901634945994881143e+00,0.000000000000000000e+00,2.029670663489358540e-01
8.000000000000000000e+00,1.500000000000000000e+01,4.000000000000000000e+00,1.300000000000000000e+01,8.000000000000000000e+00,1.000000000000000000e+01,9.000000000000000000e+00,7.000000000000000000e+00,1.800000000000000000e+01,6.000000000000000000e+00,1.300000000000000000e+01,1.300000000000000000e+01,1.110049273647815582e+01,1.229456670912089322e+01,1.009806115353710432e+01,1.214591335960114726e+01,1.062298839175054432e+01,1.127906949166254691e+01,1.060718076058860326e+01,1.190651652012819461e+01,0.000000000000000000e+00,1.831300203266738591e-01
8.000000000000000000e+00,1.500000000000000000e+01,4.000000000000000000e+00,1.300000000000000000e+01,8.000000000000000000e+00,1.000000000000000000e+01,9.000000000000000000e+00,7.000000000000000000e+00,1.800000000000000000e+01,6.000000000000000000e+00,1.300000000000000000e+01,1.300000000000000000e+01,1.225053022143907988e+01,9.981061930531103243e+00,1.273874150883721512e+01,9.448518913871073011e+00,1.284468740809328402e+01,1.039207234801887303e+01,1.261131971278985908e+01,9.940551064140349169e+00,0.000000000000000000e+00,2.439725793454070590e-01
8.000000000000000000e+00,1.500000000000000000e+01,4.000000000000000000e+00,1.300000000000000000e+01,8.000000000000000000e+00,1.000000000000000000e+01,9.000000000000000000e+00,7.000000000000000000e+00,1.800000000000000000e+01,6.000000000000000000e+00,1.300000000000000000e+01,1.300000000000000000e+01,1.345080576404288308e+01,8.639961057971758507e+00,1.341514939964243247e+01,9.326381984228905964e+00,1.273874150883721512e+01,9.448518913871073011e+00,1.320156555750750904e+01,9.138287318690577976e+00,0.000000000000000000e+00,2.580651734585154289e-01
8.000000000000000000e+00,1.500000000000000000e+01,4.000000000000000000e+00,1.300000000000000000e+01,8.000000000000000000e+00,1.000000000000000000e+01,9.000000000000000000e+00,7.000000000000000000e+00,1.800000000000000000e+01,6.000000000000000000e+00,1.300000000000000000e+01,1.300000000000000000e+01,1.284468740809328402e+01,1.039207234801887303e+01,1.273874150883721512e+01,9.448518913871073011e+00,1.368861686300975400e+01,9.956985354665047083e+00,1.309068192664675223e+01,9.932525538851665559e+00,0.000000000000000000e+00,2.548492324627449346e-01
8.000000000000000000e+00,1.500000000000000000e+01,4.000000000000000000e+00,1.300000000000000000e+01,8.000000000000000000e+00,1.000000000000000000e+01,9.000000000000000000e+00,7.000000000000000000e+00,1.800000000000000000e+01,6.000000000000000000e+00,1.300000000000000000e+01,1.300000000000000000e+01,1.109861754749912244e+01,8.502204295732235906e+00,1.166666666666666607e+01,9.555555555555555358e+00,1.072568698827998013e+01,9.196048505077872193e+00,1.116365706748192288e+01,9.084602785455221152e+00,0.000000000000000000e+00,1.935492729946484136e-01
8.000000000000000000e+00,1.500000000000000000e+01,4.000000000000000000e+00,1.300000000000000000e+01,8.000000000000000000e+00,1.000000000000000000e+01,9.000000000000000000e+00,7.000000000000000000e+00,1.800000000000000000e+01,6.000000000000000000e+00,1.300000000000000000e+01,1.300000000000000000e+01,1.288137294175238168e+01,8.216737525364907313e+00,1.215975943083704180e+01,9.071905220483813537e+00,1.219138639053674567e+01,8.381935760208689246e+00,1.241083958770872187e+01,8.556859502019136698e+00,0.000000000000000000e+00,2.266582708790229050e-01
8.000000000000000000e+00,1.500000000000000000e+01,4.000000000000000000e+00,1.300000000000000000e+01,8.000000000000000000e+00,1.000000000000000000e+01,9.000000000000000000e+00,7.000000000000000000e+00,1.800000000000000000e+01,6.000000000000000000e+00,1.300000000000000000e+01,1.300000000000000000e+01,1.471321873286833615e+01,9.274890299855838904e+00,1.341514939964243247e+01,9.326381984228905964e+00,1.345080576404288308e+01,8.639961057971758507e+00,1.385972463218455175e+01,9.080411114018835050e+00,0.000000000000000000e+00,2.580651734585154289e-01
8.000000000000000000e+00,1.500000000000000000e+01,4.000000000000000000e+00,1.300000000000000000e+01,8.000000000000000000e+00,1.000000000000000000e+01,9.000000000000000000e+00,7.000000000000000000e+00,1.800000000000000000e+01,6.000000000000000000e+00,1.300000000000000000e+01,1.300000000000000000e+01,1.368861686300975400e+01,9.956985354665047083e+00,1.273874150883721512e+01,9.448518913871073011e+00,1.341514939964243247e+01,9.326381984228905964e+00,1.328083592382979994e+01,9.577295417588342019e+00,0.000000000000000000e+00,2.580651734585154289e-01
8.000000000000000000e+00,1.500000000000000000e+01,4.000000000000000000e+00,1.300000000000000000e+01,8.000000000000000000e+00,1.000000000000000000e+01,9.000000000000000000e+00,7.000000000000000000e+00,1.800000000000000000e+01,6.000000000000000000e+00,1.300000000000000000e+01,1.300000000000000000e+01,1.368861686300975400e+01,9.956985354665047083e+00,1.438084627376472291e+01,9.886215483537192483e+00,1.357999753909381546e+01,1.078231860293533728e+01,1.388315355862276412e+01,1.020850648037919228e+01,0.000000000000000000e+00,2.740430720452403657e-01
8.000000000000000000e+00,1.500000000000000000e+01,4.000000000000000000e+00,1.300000000000000000e+01,8.000000000000000000e+00,1.000000000000000000e+01,9.000000000000000000e+00,7.000000000000000000e+00,1.800000000000000000e+01,6.000000000000000000e+00,1.300000000000000000e+01,1.300000000000000000e+01,1.284468740809328402e+01,1.039207234801887303e+01,1.261993424881954873e+01,1.131457093016291005e+01,1.179354739773338423e+01,1.062460578960386393e+01,1.241938968488207173e+01,1.077708302259521567e+01,0.000000000000000000e+00,2.548492324627449346e-01
8.000000000000000000e+00,1.500000000000000000e+01,4.000000000000000000e+00,1.300000000000000000e+01,8.000000000000000000e+00,1.000000000000000000e+01,9.000000000000000000e+00,7.000000000000000000e+00,1.800000000000000000e+01,6.000000000000000000e+00,1.300000000000000000e+01,1.300000000000000000e+01,1.366876180628090331e+01,1.206373347120673500e+01,1.357999753909381546e+01,1.078231860293533728e+01,1.433752361256180663e+01,1.112746694241347001e+01,1.386209431931217573e+01,1.132450633885184743e+01,0.000000000000000000e+00,2.631324108425977526e-01
8.000000000000000000e+00,1.500000000000000000e+01,4.000000000000000000e+00,1.300000000000000000e+01,8.000000000000000000e+00,1.000000000000000000e+01,9.000000000000000000e+00,7.000000000000000000e+00,1.800000000000000000e+01,6.000000000000000000e+00,1.300000000000000000e+01,1.300000000000000000e+01,1.261993424881954873e+01,1.131457093016291005e+01,1.284468740809328402e+01,1.039207234801887303e+01,1.357999753909381546e+01,1.078231860293533728e+01,1.301487306533555000e+01,1.082965396037237404e+01,0.000000000000000000e+00,2.548492324627449346e-01
8.000000000000000000e+00,1.500000000000000000e+01,4.000000000000000000e+00,1.300000000000000000e+01,8.000000000000000000e+00,1.000000000000000000e+01,9.000000000000000000e+00,7.000000000000000000e+00,1.800000000000000000e+01,6.000000000000000000e+00,1.300000000000000000e+01,1.300000000000000000e+01,1.050000000000000000e+01,1.400000000000000000e+01,1.047859791429580056e+01,1.303402910924616442e+01,1.112500000000000000e+01,1.375000000000000000e+01,1.070119930476526804e+01,1.359467636974872029e+01,0.000000000000000000e+00,1.589033014040341363e-01
8.000000000000000000e+00,1.500000000000000000e+01,4.000000000000000000e+00,1.300000000000000000e+01,8.000000000000000000e+00,1.000000000000000000e+01,9.000000000000000000e+00,7.000000000000000000e+00,1.800000000000000000e+01,6.000000000000000000e+00,1.300000000000000000e+01,1.300000000000000000e+01,9.000000000000000000e+00,7.000000000000000000e+00,1.025611626532638176e+01,6.860431526074846076e+00,9.612647947591982600e+00,7.696791240165985926e+00,9.622921404306120863e+00,7.185740922080277926e+00,1.000000000000000000e+00,5.219268164680060385e-02
8.000000000000000000e+00,1.500000000000000000e+01,4.000000000000000000e+00,1.300000000000000000e+01,8.000000000000000000e+00,1.000000000000000000e+01,9.000000000000000000e+00,7.000000000000000000e+00,1.800000000000000000e+01,6.000000000000000000e+00,1.300000000000000000e+01,1.300000000000000000e+01,1.284468740809328402e+01,1.039207234801887303e+01,1.179354739773338423e+01,1.062460578960386393e+01,1.225053022143907988e+01,9.981061930531103243e+00,1.229625500908858271e+01,1.033258002271794673e+01,0.000000000000000000e+00,2.439725793454070590e-01
8.000000000000000000e+00,1.500000000000000000e+01,4.000000000000000000e+00,1.300000000000000000e+01,8.000000000000000000e+00,1.000000000000000000e+01,9.000000000000000000e+00,7.000000000000000000e+00,1.800000000000000000e+01,6.000000000000000000e+00,1.300000000000000000e+01,1.300000000000000000e+01,1.179354739773338423e+01,1.062460578960386393e+01,1.166666666666666607e+01,9.555555555555555358e+00,1.225053022143907988e+01,9.981061930531103243e+00,1.190358142861304280e+01,1.005374109189684084e+01,0.000000000000000000e+00,2.281348135850475300e-01
8.000000000000000000e+00,1.500000000000000000e+01,4.000000000000000000e+00,1.300000000000000000e+01,8.000000000000000000e+00,1.000000000000000000e+01,9.000000000000000000e+00,7.000000000000000000e+00,1.800000000000000000e+01,6.000000000000000000e+00,1.300000000000000000e+01,1.300000000000000000e+01,1.166666666666666607e+01,9.555555555555555358e+00,1.179354739773338423e+01,1.062460578960386393e+01,1.089178523274449795e+01,1.018957729060231721e+01,1.145066643238151549e+01,1.012324621192057883e+01,0.000000000000000000e+00,2.281348135850475300e-01
8.000000000000000000e+00,1.500000000000000000e+01,4.000000000000000000e+00,1.300000000000000000e+01,8.000000000000000000e+00,1.000000000000000000e+01,9.000000000000000000e+00,7.000000000000000000e+00,1.800000000000000000e+01,6.000000000000000000e+00,1.300000000000000000e+01,1.300000000000000000e+01,1.186891498646315668e+01,1.274413267312605313e+01,1.170740804750386665e+01,1.156765051687944634e+01,1.238864436922557388e+01,1.225229412032790677e+01,1.198832246773086574e+01,1.218802577011113364e+01,0.000000000000000000e+00,2.337993027131950174e-01
8.000000000000000000e+00,1.500000000000000000e+01,4.000000000000000000e+00,1.300000000000000000e+01,8.000000000000000000e+00,1.000000000000000000e+01,9.000000000000000000e+00,7.000000000000000000e+00,1.800000000000000000e+01,6.000000000000000000e+00,1.300000000000000000e+01,1.300000000000000000e+01,1.170740804750386665e+01,1.156765051687944634e+01,1.179354739773338423e+01,1.062460578960386393e+01,1.261993424881954873e+01,1.131457093016291005e+01,1.204029656468559928e+01,1.116894241221540618e+01,0.000000000000000000e+00,2.582750871137851068e-01
8.000000000000000000e+00,1.500000000000000000e+01,4.000000000000000000e+00,1.300000000000000000e+01,8.000000000000000000e+00,1.000000000000000000e+01,9.000000000000000000e+00,7.000000000000000000e+00,1.800000000000000000e+01,6.000000000000000000e+00,1.300000000000000000e+01,1.300000000000000000e+01,8.625000000000000000e+00,1.475000000000000000e+01,8.000000000000000000e+00,1.500000000000000000e+01,7.883677591153456454e+00,1.426707309678088897e+01,8.169559197051151855e+00,1.467235769892696418e+01,1.000000000000000000e+00,6.385633236239053601e-02
8.000000000000000000e+00,1.500000000000000000e+01,4.000000000000000000e+00,1.300000000000000000e+01,8.000000000000000000e+00,1.000000000000000000e+01,9.000000000000000000e+00,7.000000000000000000e+00,1.800000000000000000e+01,6.000000000000000000e+00,1.300000000000000000e+01,1.300000000000000000e+01,1.089178523274449795e+01,1.018957729060231721e+01,1.179354739773338423e+01,1.062460578960386393e+01,1.126410228594261831e+01,1.105170177252914598e+01,1.131647830547350075e+01,1.062196161757844237e+01,0.000000000000000000e+00,2.082289946358676369e-01
8.000000000000000000e+00,1.500000000000000000e+01,4.000000000000000000e+00,1.300000000000000000e+01,8.000000000000000000e+00,1.000000000000000000e+01,9.000000000000000000e+00,7.000000000000000000e+00,1.800000000000000000e+01,6.000000000000000000e+00,1.300000000000000000e+01,1.300000000000000000e+01,1.179354739773338423e+01,1.062460578960386393e+01,1.170740804750386665e+01,1.156765051687944634e+01,1.126410228594261831e+01,1.105170177252914598e+01,1.158835257705995758e+01,1.108131935967081994e+01,0.000000000000000000e+00,2.082289946358676369e-01
8.000000000000000000e+00,1.500000000000000000e+01,4.000000000000000000e+00,1.300000000000000000e+01,8.000000000000000000e+00,1.000000000000000000e+01,9.000000000000000000e+00,7.000000000000000000e+00,1.800000000000000000e+01,6.000000000000000000e+00,1.300000000000000000e+01,1.300000000000000000e+01,9.547669017735000097e+00,8.542831340907412141e+00,1.033804653837601961e+01,9.771502828880505476e+00,9.273649111147378221e+00,9.345899958263133911e+00,9.719788222419465384e+00,9.220078042683683250e+00,0.000000000000000000e+00,1.724311665245350789e-01
8.000000000000000000e+00,1.500000000000000000e+01,4.000000000000000000e+00,1.300000000000000000e+01,8.000000000000000000e+00,1.000000000000000000e+01,9.000000000000000000e+00,7.000000000000000000e+00,1.800000000000000000e+01,6.000000000000000000e+00,1.300000000000000000e+01,1.300000000000000000e+01,1.238864436922557388e+01,1.225229412032790677e+01,1.170740804750386665e+01,1.156765051687944634e+01,1.261993424881954873e+01,1.131457093016291005e+01,1.223866222184966368e+01,1.171150518912342164e+01,0.000000000000000000e+00,2.582750871137851068e-01
8.000000000000000000e+00,1.500000000000000000e+01,4.000000000000000000e+00,1.300000000000000000e+01,8.000000000000000000e+00,1.000000000000000000e+01,9.000000000000000000e+00,7.000000000000000000e+00,1.800000000000000000e+01,6.000000000000000000e+00,1.300000000000000000e+01,1.300000000000000000e+01,1.170740804750386665e+01,1.156765051687944634e+01,1.110049273647815582e+01,1.229456670912089322e+01,1.062298839175054432e+01,1.127906949166254691e+01,1.114362972524418893e+01,1.171376223922096216e+01,0.000000000000000000e+00,2.160521198001737475e-01
8.000000000000000000e+00,1.500000000000000000e+01,4.000000000000000000e+00,1.300000000000000000e+01,8.000000000000000000e+00,1.000000000000000000e+01,9.000000000000000000e+00,7.000000000000000000e+00,1.800000000000000000e+01,6.000000000000000000e+00,1.300000000000000000e+01,1.300000000000000000e+01,1.299121831351449430e+01,1.190353380033484854e+01,1.238864436922557388e+01,1.225229412032790677e+01,1.261993424881954873e+01,1.131457093016291005e+01,1.266659897718653838e+01,1.182346628360855512e+01,0.000000000000000000e+00,2.513320304516390435e-01
8.000000000000000000e+00,1.500000000000000000e+01,4.000000000000000000e+00,1.300000000000000000e+01,8.000000000000000000e+00,1.000000000000000000e+01,9.000000000000000000e+00,7.000000000000000000e+00,1.800000000000000000e+01,6.000000000000000000e+00,1.300000000000000000e+01,1.300000000000000000e+01,1.175000000000000000e+01,1.350000000000000000e+01,1.120663536938082494e+01,1.301507455272840907e+01,1.186891498646315668e+01,1.274413267312605313e+01,1.160851678528132958e+01,1.308640240861815407e+01,0.000000000000000000e+00,1.914418255234226485e-01
8.000000000000000000e+00,1.500000000000000000e+01,4.000000000000000000e+00,1.300000000000000000e+01,8.000000000000000000e+00,1.000000000000000000e+01,9.000000000000000000e+00,7.000000000000000000e+00,1.800000000000000000e+01,6.000000000000000000e+00,1.300000000000000000e+01,1.300000000000000000e+01,9.804037834051328559e+00,1.287873441042750500e+01,1.009806115353710432e+01,1.214591335960114726e+01,1.047859791429580056e+01,1.303402910924616442e+01,1.012689896729474448e+01,1.268622562642493712e+01,0.000000000000000000e+00,1.677936196617597631e-01
8.000000000000000000e+00,1.500000000000000000e+01,4.000000000000000000e+00,1.300000000000000000e+01,8.000000000000000000e+00,1.000000000000000000e+01,9.000000000000000000e+00,7.000000000000000000e+00,1.800000000000000000e+01,6.000000000000000000e+00,1.300000000000000000e+01,1.300000000000000000e+01,1.033804653837601961e+01,9.771502828880505476e+00,1.044311696775645437e+01,1.065678750667483499e+01,9.897551588085438112e+00,1.030757837948264566e+01,1.022623836473930403e+01,1.024528957167932752e+01,0.000000000000000000e+00,2.104294171071761366e-01
8.000000000000000000e+00,1.500000000000000000e+01,4.000000000000000000e+00,1.300000000000000000e+01,8.000000000000000000e+00,1.000000000000000000e+01,9.000000000000000000e+00,7.000000000000000000e+00,1.800000000000000000e+01,6.000000000000000000e+00,1.300000000000000000e+01,1.300000000000000000e+01,1.170740804750386665e+01,1.156765051687944634e+01,1.062298839175054432e+01,1.127906949166254691e+01,1.126410228594261831e+01,1.105170177252914598e+01,1.119816624173234310e+01,1.129947392702371189e+01,0.000000000000000000e+00,2.082289946358676369e-01
8.000000000000000000e+00,1.500000000000000000e+01,4.000000000000000000e+00,1.300000000000000000e+01,8.000000000000000000e+00,1.000000000000000000e+01,9.000000000000000000e+00,7.000000000000000000e+00,1.800000000000000000e+01,6.000000000000000000e+00,1.300000000000000000e+01,1.300000000000000000e+01,1.126410228594261831e+01,1.105170177252914598e+01,1.062298839175054432e+01,1.127906949166254691e+01,1.044311696775645437e+01,1.065678750667483499e+01,1.077673588181654019e+01,1.099585292362217537e+01,0.000000000000000000e+00,2.082289946358676369e-01
8.000000000000000000e+00,1.500000000000000000e+01,4.000000000000000000e+00,1.300000000000000000e+01,8.000000000000000000e+00,1.000000000000000000e+01,9.000000000000000000e+00,7.000000000000000000e+00,1.800000000000000000e+01,6.000000000000000000e+00,1.300000000000000000e+01,1.300000000000000000e+01,8.086620358707060419e+00,1.100715338573355950e+01,8.709501330532619434e+00,1.085175221102090504e+01,8.598055178136011278e+00,1.187910261270310741e+01,8.464725622458564303e+00,1.124600273648585791e+01,0.000000000000000000e+00,1.713175757389156784e-01
8.000000000000000000e+00,1.500000000000000000e+01,4.000000000000000000e+00,1.300000000000000000e+01,8.000000000000000000e+00,1.000000000000000000e+01,9.000000000000000000e+00,7.000000000000000000e+00,1.800000000000000000e+01,6.000000000000000000e+00,1.300000000000000000e+01,1.300000000000000000e+01,9.889715027284353255e+00,1.142738718887553873e+01,9.389369487622753141e+00,1.071424590819118450e+01,1.044311696775645437e+01,1.065678750667483499e+01,9.907400494221185738e+00,1.093280686791385392e+01,0.000000000000000000e+00,1.826591998009493567e-01
8.000000000000000000e+00,1.500000000000000000e+01,4.000000000000000000e+00,1.300000000000000000e+01,8.000000000000000000e+00,1.000000000000000000e+01,9.000000000000000000e+00,7.000000000000000000e+00,1.800000000000000000e+01,6.000000000000000000e+00,1.300000000000000000e+01,1.300000000000000000e+01,1.126410228594261831e+01,1.105170177252914598e+01,1.044311696775645437e+01,1.065678750667483499e+01,1.089178523274449795e+01,1.018957729060231721e+01,1.086633482881452295e+01,1.063268885660209939e+01,0.000000000000000000e+00,2.082289946358676369e-01
8.000000000000000000e+00,1.500000000000000000e+01,4.000000000000000000e+00,1.300000000000000000e+01,8.000000000000000000e+00,1.000000000000000000e+01,9.000000000000000000e+00,7.000000000000000000e+00,1.800000000000000000e+01,6.000000000000000000e+00,1.300000000000000000e+01,1.300000000000000000e+01,1.044311696775645437e+01,1.065678750667483499e+01,1.062298839175054432e+01,1.127906949166254691e+01,9.889715027284353255e+00,1.142738718887553873e+01,1.031860679559711791e+01,1.112108139573764021e+01,0.000000000000000000e+00,1.826591998009493567e-01
8.000000000000000000e+00,1.500000000000000000e+01,4.000000000000000000e+00,1.300000000000000000e+01,8.000000000000000000e+00,1.000000000000000000e+01,9.000000000000000000e+00,7.000000000000000000e+00,1.800000000000000000e+01,6.000000000000000000e+00,1.300000000000000000e+01,1.300000000000000000e+01,1.047859791429580056e+01,1.303402910924616442e+01,1.009806115353710432e+01,1.214591335960114726e+01,1.110049273647815582e+01,1.229456670912089322e+01,1.055905060143702023e+01,1.249150305932273319e+01,0.000000000000000000e+00,1.831300203266738591e-01
8.000000000000000000e+00,1.500000000000000000e+01,4.000000000000000000e+00,1.300000000000000000e+01,8.000000000000000000e+00,1.000000000000000000e+01,9.000000000000000000e+00,7.000000000000000000e+00,1.800000000000000000e+01,6.000000000000000000e+00,1.300000000000000000e+01,1.300000000000000000e+01,9.180992512809474704e+00,1.257713488619173958e+01,9.149444588464810124e+00,1.131927778247602490e+01,9.889715027284353255e+00,1.142738718887553873e+01,9.406717376186213286e+00,1.177459995251443559e+01,0.000000000000000000e+00,1.826591998009493567e-01
8.000000000000000000e+00,1.500000000000000000e+01,4.000000000000000000e+00,1.300000000000000000e+01,8.000000000000000000e+00,1.000000000000000000e+01,9.000000000000000000e+00,7.000000000000000000e+00,1.800000000000000000e+01,6.000000000000000000e+00,1.300000000000000000e+01,1.300000000000000000e+01,1.237500000000000000e+01,1.325000000000000000e+01,1.186891498646315668e+01,1.274413267312605313e+01,1.238864436922557388e+01,1.225229412032790677e+01,1.221085311856290900e+01,1.274880893115132174e+01,0.000000000000000000e+00,2.008274699842367284e-01
8.000000000000000000e+00,1.500000000000000000e+01,4.000000000000000000e+00,1.300000000000000000e+01,8.000000000000000000e+00,1.000000000000000000e+01,9.000000000000000000e+00,7.000000000000000000e+00,1.800000000000000000e+01,6.000000000000000000e+00,1.300000000000000000e+01,1.300000000000000000e+01,9.875000000000000000e+00,1.425000000000000000e+01,9.250000000000000000e+00,1.450000000000000000e+01,9.589777751488332669e+00,1.353694437872083256e+01,9.571592583829444223e+00,1.409564812624027752e+01,0.000000000000000000e+00,8.870827547027201887e-02
8.000000000000000000e+00,1.500000000000000000e+01,4.000000000000000000e+00,1.300000000000000000e+01,8.000000000000000000e+00,1.000000000000000000e+01,9.000000000000000000e+00,7.000000000000000000e+00,1.800000000000000000e+01,6.000000000000000000e+00,1.300000000000000000e+01,1.300000000000000000e+01,1.110049273647815582e+01,1.229456670912089322e+01,1.170740804750386665e+01,1.156765051687944634e+01,1.186891498646315668e+01,1.274413267312605313e+01,1.155893859014839187e+01,1.220211663304213090e+01,0.000000000000000000e+00,2.160521198001737475e-01
8.000000000000000000e+00,1.500000000000000000e+01,4.000000000000000000e+00,1.300000000000000000e+01,8.000000000000000000e+00,1.000000000000000000e+01,9.000000000000000000e+00,7.000000000000000000e+00,1.800000000000000000e+01,6.000000000000000000e+00,1.300000000000000000e+01,1.300000000000000000e+01,1.110049273647815582e+01,1.229456670912089322e+01,1.120663536938082494e+01,1.301507455272840907e+01,1.047859791429580056e+01,1.303402910924616442e+01,1.092857534005159437e+01,1.278122345703182106e+01,0.000000000000000000e+00,1.914418255234226485e-01
8.000000000000000000e+00,1.500000000000000000e+01,4.000000000000000000e+00,1.300000000000000000e+01,8.000000000000000000e+00,1.000000000000000000e+01,9.000000000000000000e+00,7.000000000000000000e+00,1.800000000000000000e+01,6.000000000000000000e+00,1.300000000000000000e+01,1.300000000000000000e+01,1.050000000000000000e+01,1.400000000000000000e+01,9.589777751488332669e+00,1.353694437872083256e+01,1.047859791429580056e+01,1.303402910924616442e+01,1.018945855526137834e+01,1.352365782932233174e+01,0.000000000000000000e+00,1.466134927825348266e-01
8.000000000000000000e+00,1.500000000000000000e+01,4.000000000000000000e+00,1.300000000000000000e+01,8.000000000000000000e+00,1.000000000000000000e+01,9.000000000000000000e+00,7.000000000000000000e+00,1.800000000000000000e+01,6.000000000000000000e+00,1.300000000000000000e+01,1.300000000000000000e+01,1.238864436922557388e+01,1.225229412032790677e+01,1.300000000000000000e+01,1.300000000000000000e+01,1.237500000000000000e+01,1.325000000000000000e+01,1.258788145640852463e+01,1.283409804010930166e+01,0.000000000000000000e+00,2.008274699842367284e-01
8.000000000000000000e+00,1.500000000000000000e+01,4.000000000000000000e+00,1.300000000000000000e+01,8.000000000000000000e+00,1.000000000000000000e+01,9.000000000000000000e+00,7.000000000000000000e+00,1.800000000000000000e+01,6.000000000000000000e+00,1.300000000000000000e+01,1.300000000000000000e+01,1.120663536938082494e+01,1.301507455272840907e+01,1.112500000000000000e+01,1.375000000000000000e+01,1.047859791429580056e+01,1.303402910924616442e+01,1.093674442789220791e+01,1.326636788732485606e+01,0.000000000000000000e+00,1.857622812493869568e-01
8.000000000000000000e+00,1.500000000000000000e+01,4.000000000000000000e+00,1.300000000000000000e+01,8.000000000000000000e+00,1.000000000000000000e+01,9.000000000000000000e+00,7.000000000000000000e+00,1.800000000000000000e+01,6.000000000000000000e+00,1.300000000000000000e+01,1.300000000000000000e+01,1.112500000000000000e+01,1.375000000000000000e+01,1.120663536938082494e+01,1.301507455272840907e+01,1.175000000000000000e+01,1.350000000000000000e+01,1.136054512312694165e+01,1.342169151757613577e+01,0.000000000000000000e+00,1.857622812493869568e-01
8.000000000000000000e+00,1.500000000000000000e+01,4.000000000000000000e+00,1.300000000000000000e+01,8.000000000000000000e+00,1.000000000000000000e+01,9.000000000000000000e+00,7.000000000000000000e+00,1.800000000000000000e+01,6.000000000000000000e+00,1.300000000000000000e+01,1.300000000000000000e+01,8.865018844568242073e+00,1.327866492239646057e+01,9.250000000000000000e+00,1.450000000000000000e+01,8.155641341252952259e+00,1.357660335313237887e+01,8.756886728607064185e+00,1.378508942517627922e+01,0.000000000000000000e+00,8.870827547027201887e-02
8.000000000000000000e+00,1.500000000000000000e+01,4.000000000000000000e+00,1.300000000000000000e+01,8.000000000000000000e+00,1.000000000000000000e+01,9.000000000000000000e+00,7.000000000000000000e+00,1.800000000000000000e+01,6.000000000000000000e+00,1.300000000000000000e+01,1.300000000000000000e+01,9.804037834051328559e+00,1.287873441042750500e+01,9.589777751488332669e+00,1.353694437872083256e+01,8.865018844568242073e+00,1.327866492239646057e+01,9.419611476702634434e+00,1.323144790384826486e+01,0.000000000000000000e+00,1.466134927825348266e-01
8.000000000000000000e+00,1.500000000000000000e+01,4.000000000000000000e+00,1.300000000000000000e+01,8.000000000000000000e+00,1.000000000000000000e+01,9.000000000000000000e+00,7.000000000000000000e+00,1.800000000000000000e+01,6.000000000000000000e+00,1.300000000000000000e+01,1.300000000000000000e+01,1.175000000000000000e+01,1.350000000000000000e+01,1.186891498646315668e+01,1.274413267312605313e+01,1.237500000000000000e+01,1.325000000000000000e+01,1.199797166215438438e+01,1.316471089104201830e+01,0.000000000000000000e+00,1.997857763383716068e-01
8.000000000000000000e+00,1.500000000000000000e+01,4.000000000000000000e+00,1.300000000000000000e+01,8.000000000000000000e+00,1.000000000000000000e+01,9.000000000000000000e+00,7.000000000000000000e+00,1.800000000000000000e+01,6.000000000000000000e+00,1.300000000000000000e+01,1.300000000000000000e+01,1.110049273647815582e+01,1.229456670912089322e+01,1.186891498646315668e+01,1.274413267312605313e+01,1.120663536938082494e+01,1.301507455272840907e+01,1.139201436410738033e+01,1.268459131165845122e+01,0.000000000000000000e+00,1.914418255234226485e-01
8.000000000000000000e+00,1.500000000000000000e+01,4.000000000000000000e+00,1.300000000000000000e+01,8.000000000000000000e+00,1.000000000000000000e+01,9.000000000000000000e+00,7.000000000000000000e+00,1.800000000000000000e+01,6.000000000000000000e+00,1.300000000000000000e+01,1.300000000000000000e+01,8.000000000000000000e+00,1.000000000000000000e+01,8.086620358707060419e+00,1.100715338573355950e+01,7.400000000000000355e+00,1.044999999999999929e+01,7.828873452902352703e+00,1.048571779524452019e+01,1.000000000000000000e+00,1.839376575933254487e-01
8.000000000000000000e+00,1.500000000000000000e+01,4.000000000000000000e+00,1.300000000000000000e+01,8.000000000000000000e+00,1.000000000000000000e+01,9.000000000000000000e+00,7.000000000000000000e+00,1.800000000000000000e+01,6.000000000000000000e+00,1.300000000000000000e+01,1.300000000000000000e+01,8.933179754441816556e+00,1.025000625728135262e+01,8.000000000000000000e+00,1.000000000000000000e+01,8.250000000000000000e+00,9.250000000000000000e+00,8.394393251480606111e+00,9.833335419093783614e+00,1.000000000000000000e+00,1.086280775567080858e-01
8.000000000000000000e+00,1.500000000000000000e+01,4.000000000000000000e+00,1.300000000000000000e+01,8.000000000000000000e+00,1.000000000000000000e+01,9.000000000000000000e+00,7.000000000000000000e+00,1.800000000000000000e+01,6.000000000000000000e+00,1.300000000000000000e+01,1.300000000000000000e+01,1.009806115353710432e+01,1.214591335960114726e+01,9.804037834051328559e+00,1.287873441042750500e+01,9.180992512809474704e+00,1.257713488619173958e+01,9.694363833465969194e+00,1.253392755207346454e+01,0.000000000000000000e+00,1.677936196617597631e-01
8.000000000000000000e+00,1.500000000000000000e+01,4.000000000000000000e+00,1.300000000000000000e+01,8.000000000000000000e+00,1.000000000000000000e+01,9.000000000000000000e+00,7.000000000000000000e+00,1.800000000000000000e+01,6.000000000000000000e+00,1.300000000000000000e+01,1.300000000000000000e+01,9.589777751488332669e+00,1.353694437872083256e+01,1.050000000000000000e+01,1.400000000000000000e+01,9.875000000000000000e+00,1.425000000000000000e+01,9.988259250496112074e+00,1.392898145957361145e+01,0.000000000000000000e+00,1.077458113752269853e-01
8.000000000000000000e+00,1.500000000000000000e+01,4.000000000000000000e+00,1.300000000000000000e+01,8.000000000000000000e+00,1.000000000000000000e+01,9.000000000000000000e+00,7.000000000000000000e+00,1.800000000000000000e+01,6.000000000000000000e+00,1.300000000000000000e+01,1.300000000000000000e+01,1.047859791429580056e+01,1.303402910924616442e+01,9.589777751488332669e+00,1.353694437872083256e+01,9.804037834051328559e+00,1.287873441042750500e+01,9.957471166611819413e+00,1.314990263279816674e+01,0.000000000000000000e+00,1.466134927825348266e-01
8.000000000000000000e+00,1.500000000000000000e+01,4.000000000000000000e+00,1.300000000000000000e+01,8.000000000000000000e+00,1.000000000000000000e+01,9.000000000000000000e+00,7.000000000000000000e+00,1.800000000000000000e+01,6.000000000000000000e+00,1.300000000000000000e+01,1.300000000000000000e+01,9.180992512809474704e+00,1.257713488619173958e+01,9.889715027284353255e+00,1.142738718887553873e+01,1.009806115353710432e+01,1.214591335960114726e+01,9.722922897876976833e+00,1.205014514488947519e+01,0.000000000000000000e+00,1.826591998009493567e-01
8.000000000000000000e+00,1.500000000000000000e+01,4.000000000000000000e+00,1.300000000000000000e+01,8.000000000000000000e+00,1.000000000000000000e+01,9.000000000000000000e+00,7.000000000000000000e+00,1.800000000000000000e+01,6.000000000000000000e+00,1.300000000000000000e+01,1.300000000000000000e+01,9.149444588464810124e+00,1.131927778247602490e+01,9.389369487622753141e+00,1.071424590819118450e+01,9.889715027284353255e+00,1.142738718887553873e+01,9.476176367790637656e+00,1.115363695984758330e+01,0.000000000000000000e+00,1.826591998009493567e-01
8.000000000000000000e+00,1.500000000000000000e+01,4.000000000000000000e+00,1.300000000000000000e+01,8.000000000000000000e+00,1.000000000000000000e+01,9.000000000000000000e+00,7.000000000000000000e+00,1.800000000000000000e+01,6.000000000000000000e+00,1.300000000000000000e+01,1.300000000000000000e+01,1.072568698827998013e+01,9.196048505077872193e+00,1.166666666666666607e+01,9.555555555555555358e+00,1.089178523274449795e+01,1.018957729060231721e+01,1.109471296256371353e+01,9.647060450411913735e+00,0.000000000000000000e+00,2.281348135850475300e-01
8.000000000000000000e+00,1.500000000000000000e+01,4.000000000000000000e+00,1.300000000000000000e+01,8.000000000000000000e+00,1.000000000000000000e+01,9.000000000000000000e+00,7.000000000000000000e+00,1.800000000000000000e+01,6.000000000000000000e+00,1.300000000000000000e+01,1.300000000000000000e+01,1.124344135485632101e+01,7.727915555232583777e+00,1.088417439798957176e+01,6.790647289112270002e+00,1.151223253065276353e+01,6.720863052149693040e+00,1.121328276116621758e+01,7.079808632164848348e+00,0.000000000000000000e+00,1.644041508697186016e-01
8.000000000000000000e+00,1.500000000000000000e+01,4.000000000000000000e+00,1.300000000000000000e+01,8.000000000000000000e+00,1.000000000000000000e+01,9.000000000000000000e+00,7.000000000000000000e+00,1.800000000000000000e+01,6.000000000000000000e+00,1.300000000000000000e+01,1.300000000000000000e+01,1.219138639053674567e+01,8.381935760208689246e+00,1.124344135485632101e+01,7.727915555232583777e+00,1.223372867975562173e+01,7.402747207610408609e+00,1.188951880838289554e+01,7.837532841017226026e+00,0.000000000000000000e+00,2.082523319771285020e-01
8.000000000000000000e+00,1.500000000000000000e+01,4.000000000000000000e+00,1.300000000000000000e+01,8.000000000000000000e+00,1.000000000000000000e+01,9.000000000000000000e+00,7.000000000000000000e+00,1.800000000000000000e+01,6.000000000000000000e+00,1.300000000000000000e+01,1.300000000000000000e+01,9.612647947591982600e+00,7.696791240165985926e+00,1.025611626532638176e+01,6.860431526074846076e+00,1.052819600672309086e+01,7.546367533650077952e+00,1.013232007321381900e+01,7.367863433296970577e+00,0.000000000000000000e+00,5.219268164680060385e-02
8.000000000000000000e+00,1.500000000000000000e+01,4.000000000000000000e+00,1.300000000000000000e+01,8.000000000000000000e+00,1.000000000000000000e+01,9.000000000000000000e+00,7.000000000000000000e+00,1.800000000000000000e+01,6.000000000000000000e+00,1.300000000000000000e+01,1.300000000000000000e+01,1.033804653837601961e+01,9.771502828880505476e+00,1.089178523274449795e+01,1.018957729060231721e+01,1.044311696775645437e+01,1.065678750667483499e+01,1.055764957962565553e+01,1.020595587538588589e+01,0.000000000000000000e+00,2.300792127257494379e-01
8.000000000000000000e+00,1.500000000000000000e+01,4.000000000000000000e+00,1.300000000000000000e+01,8.000000000000000000e+00,1.000000000000000000e+01,9.000000000000000000e+00,7.000000000000000000e+00,1.800000000000000000e+01,6.000000000000000000e+00,1.300000000000000000e+01,1.300000000000000000e+01,1.109861754749912244e+01,8.502204295732235906e+00,1.034840056553589527e+01,8.262055448522929169e+00,1.124344135485632101e+01,7.727915555232583777e+00,1.089681982263044624e+01,8.164058433162582062e+00,0.000000000000000000e+00,1.293370279987738625e-01
8.000000000000000000e+00,1.500000000000000000e+01,4.000000000000000000e+00,1.300000000000000000e+01,8.000000000000000000e+00,1.000000000000000000e+01,9.000000000000000000e+00,7.000000000000000000e+00,1.800000000000000000e+01,6.000000000000000000e+00,1.300000000000000000e+01,1.300000000000000000e+01,8.250000000000000000e+00,9.250000000000000000e+00,8.500000000000000000e+00,8.500000000000000000e+00,9.273649111147378221e+00,9.345899958263133911e+00,8.674549703715792148e+00,9.031966652754377378e+00,1.000000000000000000e+00,1.724311665245350789e-01
8.000000000000000000e+00,1.500000000000000000e+01,4.000000000000000000e+00,1.300000000000000000e+01,8.000000000000000000e+00,1.000000000000000000e+01,9.000000000000000000e+00,7.000000000000000000e+00,1.800000000000000000e+01,6.000000000000000000e+00,1.300000000000000000e+01,1.300000000000000000e+01,1.034840056553589527e+01,8.262055448522929169e+00,1.052819600672309086e+01,7.546367533650077952e+00,1.124344135485632101e+01,7.727915555232583777e+00,1.070667930903843512e+01,7.845446179135197262e+00,0.000000000000000000e+00,1.293370279987738625e-01
8.000000000000000000e+00,1.500000000000000000e+01,4.000000000000000000e+00,1.300000000000000000e+01,8.000000000000000000e+00,1.000000000000000000e+01,9.000000000000000000e+00,7.000000000000000000e+00,1.800000000000000000e+01,6.000000000000000000e+00,1.300000000000000000e+01,1.300000000000000000e+01,1.072568698827998013e+01,9.196048505077872193e+00,1.089178523274449795e+01,1.018957729060231721e+01,1.033804653837601961e+01,9.771502828880505476e+00,1.065183958646683315e+01,9.719042874853565550e+00,0.000000000000000000e+00,2.300792127257494379e-01
8.000000000000000000e+00,1.500000000000000000e+01,4.000000000000000000e+00,1.300000000000000000e+01,8.000000000000000000e+00,1.000000000000000000e+01,9.000000000000000000e+00,7.000000000000000000e+00,1.800000000000000000e+01,6.000000000000000000e+00,1.300000000000000000e+01,1.300000000000000000e+01,9.273649111147378221e+00,9.345899958263133911e+00,9.897551588085438112e+00,1.030757837948264566e+01,8.933179754441816556e+00,1.025000625728135262e+01,9.368126817891544889e+00,9.967828198342377988e+00,0.000000000000000000e+00,1.086280775567080858e-01
8.000000000000000000e+00,1.500000000000000000e+01,4.000000000000000000e+00,1.300000000000000000e+01,8.000000000000000000e+00,1.000000000000000000e+01,9.000000000000000000e+00,7.000000000000000000e+00,1.800000000000000000e+01,6.000000000000000000e+00,1.300000000000000000e+01,1.300000000000000000e+01,1.033804653837601961e+01,9.771502828880505476e+00,9.547669017735000097e+00,8.542831340907412141e+00,1.072568698827998013e+01,9.196048505077872193e+00,1.020380084813033328e+01,9.170127558288596603e+00,0.000000000000000000e+00,2.104098428384669761e-01
8.000000000000000000e+00,1.500000000000000000e+01,4.000000000000000000e+00,1.300000000000000000e+01,8.000000000000000000e+00,1.000000000000000000e+01,9.000000000000000000e+00,7.000000000000000000e+00,1.800000000000000000e+01,6.000000000000000000e+00,1.300000000000000000e+01,1.300000000000000000e+01,8.750000000000000000e+00,7.750000000000000000e+00,9.547669017735000097e+00,8.542831340907412141e+00,8.500000000000000000e+00,8.500000000000000000e+00,8.932556339245000032e+00,8.264277113635804639e+00,1.000000000000000000e+00,2.104098428384669761e-01
8.000000000000000000e+00,1.500000000000000000e+01,4.000000000000000000e+00,1.300000000000000000e+01,8.000000000000000000e+00,1.000000000000000000e+01,9.000000000000000000e+00,7.000000000000000000e+00,1.800000000000000000e+01,6.000000000000000000e+00,1.300000000000000000e+01,1.300000000000000000e+01,1.124344135485632101e+01,7.727915555232583777e+00,1.219138639053674567e+01,8.381935760208689246e+00,1.109861754749912244e+01,8.502204295732235906e+00,1.151114843096406304e+01,8.204018537057836014e+00,0.000000000000000000e+00,1.935492729946484136e-01
8.000000000000000000e+00,1.500000000000000000e+01,4.000000000000000000e+00,1.300000000000000000e+01,8.000000000000000000e+00,1.000000000000000000e+01,9.000000000000000000e+00,7.000000000000000000e+00,1.800000000000000000e+01,6.000000000000000000e+00,1.300000000000000000e+01,1.300000000000000000e+01,1.215975943083704180e+01,9.071905220483813537e+00,1.109861754749912244e+01,8.502204295732235906e+00,1.219138639053674567e+01,8.381935760208689246e+00,1.181658778962430212e+01,8.652015092141580155e+00,0.000000000000000000e+00,1.935492729946484136e-01
8.000000000000000000e+00,1.500000000000000000e+01,4.000000000000000000e+00,1.300000000000000000e+01,8.000000000000000000e+00,1.000000000000000000e+01,9.000000000000000000e+00,7.000000000000000000e+00,1.800000000000000000e+01,6.000000000000000000e+00,1.300000000000000000e+01,1.300000000000000000e+01,1.052819600672309086e+01,7.546367533650077952e+00,1.034840056553589527e+01,8.262055448522929169e+00,9.612647947591982600e+00,7.696791240165985926e+00,1.016308150661699017e+01,7.835071407446331015e+00,0.000000000000000000e+00,5.219268164680060385e-02
8.000000000000000000e+00,1.500000000000000000e+01,4.000000000000000000e+00,1.300000000000000000e+01,8.000000000000000000e+00,1.000000000000000000e+01,9.000000000000000000e+00,7.000000000000000000e+00,1.800000000000000000e+01,6.000000000000000000e+00,1.300000000000000000e+01,1.300000000000000000e+01,1.052819600672309086e+01,7.546367533650077952e+00,1.088417439798957176e+01,6.790647289112270002e+00,1.124344135485632101e+01,7.727915555232583777e+00,1.088527058652299395e+01,7.354976792664977836e+00,0.000000000000000000e+00,1.447444218789588344e-01
8.000000000000000000e+00,1.500000000000000000e+01,4.000000000000000000e+00,1.300000000000000000e+01,8.000000000000000000e+00,1.000000000000000000e+01,9.000000000000000000e+00,7.000000000000000000e+00,1.800000000000000000e+01,6.000000000000000000e+00,1.300000000000000000e+01,1.300000000000000000e+01,1.088417439798957176e+01,6.790647289112270002e+00,1.052819600672309086e+01,7.546367533650077952e+00,1.025611626532638176e+01,6.860431526074846076e+00,1.055616222334634813e+01,7.065815449612398602e+00,0.000000000000000000e+00,1.293399701132822155e-01
8.000000000000000000e+00,1.500000000000000000e+01,4.000000000000000000e+00,1.300000000000000000e+01,8.000000000000000000e+00,1.000000000000000000e+01,9.000000000000000000e+00,7.000000000000000000e+00,1.800000000000000000e+01,6.000000000000000000e+00,1.300000000000000000e+01,1.300000000000000000e+01,9.547669017735000097e+00,8.542831340907412141e+00,9.612647947591982600e+00,7.696791240165985926e+00,1.034840056553589527e+01,8.262055448522929169e+00,9.836239176954293839e+00,8.167226009865443004e+00,0.000000000000000000e+00,5.219268164680060385e-02
8.000000000000000000e+00,1.500000000000000000e+01,4.000000000000000000e+00,1.300000000000000000e+01,8.000000000000000000e+00,1.000000000000000000e+01,9.000000000000000000e+00,7.000000000000000000e+00,1.800000000000000000e+01,6.000000000000000000e+00,1.300000000000000000e+01,1.300000000000000000e+01,8.750000000000000000e+00,7.750000000000000000e+00,9.000000000000000000e+00,7.000000000000000000e+00,9.612647947591982600e+00,7.696791240165985926e+00,9.120882649197326941e+00,7.482263746721995012e+00,1.000000000000000000e+00,5.219268164680060385e-02
8.000000000000000000e+00,1.500000000000000000e+01,4.000000000000000000e+00,1.300000000000000000e+01,8.000000000000000000e+00,1.000000000000000000e+01,9.000000000000000000e+00,7.000000000000000000e+00,1.800000000000000000e+01,6.000000000000000000e+00,1.300000000000000000e+01,1.300000000000000000e+01,1.072568698827998013e+01,9.196048505077872193e+00,9.547669017735000097e+00,8.542831340907412141e+00,1.034840056553589527e+01,8.262055448522929169e+00,1.020725219051695909e+01,8.666978431502737834e+00,0.000000000000000000e+00,1.293370279987738625e-01
8.000000000000000000e+00,1.500000000000000000e+01,4.000000000000000000e+00,1.300000000000000000e+01,8.000000000000000000e+00,1.000000000000000000e+01,9.000000000000000000e+00,7.000000000000000000e+00,1.800000000000000000e+01,6.000000000000000000e+00,1.300000000000000000e+01,1.300000000000000000e+01,8.500000000000000000e+00,8.500000000000000000e+00,9.547669017735000097e+00,8.542831340907412141e+00,9.273649111147378221e+00,9.345899958263133911e+00,9.107106042960792180e+00,8.796243766390182017e+00,1.000000000000000000e+00,1.724311665245350789e-01
8.000000000000000000e+00,1.500000000000000000e+01,4.000000000000000000e+00,1.300000000000000000e+01,8.000000000000000000e+00,1.000000000000000000e+01,9.000000000000000000e+00,7.000000000000000000e+00,1.800000000000000000e+01,6.000000000000000000e+00,1.300000000000000000e+01,1.300000000000000000e+01,9.897551588085438112e+00,1.030757837948264566e+01,9.389369487622753141e+00,1.071424590819118450e+01,8.933179754441816556e+00,1.025000625728135262e+01,9.406700276716669862e+00,1.042394351498506033e+01,0.000000000000000000e+00,1.086280775567080858e-01
8.000000000000000000e+00,1.500000000000000000e+01,4.000000000000000000e+00,1.300000000000000000e+01,8.000000000000000000e+00,1.000000000000000000e+01,9.000000000000000000e+00,7.000000000000000000e+00,1.800000000000000000e+01,6.000000000000000000e+00,1.300000000000000000e+01,1.300000000000000000e+01,9.547669017735000097e+00,8.542831340907412141e+00,8.750000000000000000e+00,7.750000000000000000e+00,9.612647947591982600e+00,7.696791240165985926e+00,9.303438988442328750e+00,7.996540860357799652e+00,1.000000000000000000e+00,5.219268164680060385e-02
8.000000000000000000e+00,1.500000000000000000e+01,4.000000000000000000e+00,1.300000000000000000e+01,8.000000000000000000e+00,1.000000000000000000e+01,9.000000000000000000e+00,7.000000000000000000e+00,1.800000000000000000e+01,6.000000000000000000e+00,1.300000000000000000e+01,1.300000000000000000e+01,8.933179754441816556e+00,1.025000625728135262e+01,9.389369487622753141e+00,1.071424590819118450e+01,8.709501330532619434e+00,1.085175221102090504e+01,9.010683524199061267e+00,1.060533479216448072e+01,0.000000000000000000e+00,1.086280775567080858e-01
8.000000000000000000e+00,1.500000000000000000e+01,4.000000000000000000e+00,1.300000000000000000e+01,8.000000000000000000e+00,1.000000000000000000e+01,9.000000000000000000e+00,7.000000000000000000e+00,1.800000000000000000e+01,6.000000000000000000e+00,1.300000000000000000e+01,1.300000000000000000e+01,9.389369487622753141e+00,1.071424590819118450e+01,9.897551588085438112e+00,1.030757837948264566e+01,1.044311696775645437e+01,1.065678750667483499e+01,9.910012681154881875e+00,1.055953726478288779e+01,0.000000000000000000e+00,2.088666285867437911e-01
8.000000000000000000e+00,1.500000000000000000e+01,4.000000000000000000e+00,1.300000000000000000e+01,8.000000000000000000e+00,1.000000000000000000e+01,9.000000000000000000e+00,7.000000000000000000e+00,1.800000000000000000e+01,6.000000000000000000e+00,1.300000000000000000e+01,1.300000000000000000e+01,8.709501330532619434e+00,1.085175221102090504e+01,9.389369487622753141e+00,1.071424590819118450e+01,9.149444588464810124e+00,1.131927778247602490e+01,9.082771802206726974e+00,1.096175863389603933e+01,0.000000000000000000e+00,2.088666285867437911e-01
8.000000000000000000e+00,1.500000000000000000e+01,4.000000000000000000e+00,1.300000000000000000e+01,8.000000000000000000e+00,1.000000000000000000e+01,9.000000000000000000e+00,7.000000000000000000e+00,1.800000000000000000e+01,6.000000000000000000e+00,1.300000000000000000e+01,1.300000000000000000e+01,7.349228891087960847e+00,1.375221648056573187e+01,6.000000000000000000e+00,1.400000000000000000e+01,6.500275825430320786e+00,1.319524754062850391e+01,6.616501572172761136e+00,1.364915467373141134e+01,1.000000000000000000e+00,1.108825952346608329e-01
8.000000000000000000e+00,1.500000000000000000e+01,4.000000000000000000e+00,1.300000000000000000e+01,8.000000000000000000e+00,1.000000000000000000e+01,9.000000000000000000e+00,7.000000000000000000e+00,1.800000000000000000e+01,6.000000000000000000e+00,1.300000000000000000e+01,1.300000000000000000e+01,8.933179754441816556e+00,1.025000625728135262e+01,8.250000000000000000e+00,9.250000000000000000e+00,9.273649111147378221e+00,9.345899958263133911e+00,8.818942955196398259e+00,9.615302071848162768e+00,1.000000000000000000e+00,1.086280775567080858e-01
8.000000000000000000e+00,1.500000000000000000e+01,4.000000000000000000e+00,1.300000000000000000e+01,8.000000000000000000e+00,1.000000000000000000e+01,9.000000000000000000e+00,7.000000000000000000e+00,1.800000000000000000e+01,6.000000000000000000e+00,1.300000000000000000e+01,1.300000000000000000e+01,9.180992512809474704e+00,1.257713488619173958e+01,9.804037834051328559e+00,1.287873441042750500e+01,8.865018844568242073e+00,1.327866492239646057e+01,9.283349730476347261e+00,1.291151140633856897e+01,0.000000000000000000e+00,1.677936196617597631e-01
8.000000000000000000e+00,1.500000000000000000e+01,4.000000000000000000e+00,1.300000000000000000e+01,8.000000000000000000e+00,1.000000000000000000e+01,9.000000000000000000e+00,7.000000000000000000e+00,1.800000000000000000e+01,6.000000000000000000e+00,1.300000000000000000e+01,1.300000000000000000e+01,5.599999999999999645e+00,1.180000000000000071e+01,6.678881664731779466e+00,1.226465505379988130e+01,5.896293386931427349e+00,1.259689110704469073e+01,6.058391683887735191e+00,1.222051538694819151e+01,1.000000000000000000e+00,2.216934272791117322e-01
8.000000000000000000e+00,1.500000000000000000e+01,4.000000000000000000e+00,1.300000000000000000e+01,8.000000000000000000e+00,1.000000000000000000e+01,9.000000000000000000e+00,7.000000000000000000e+00,1.800000000000000000e+01,6.000000000000000000e+00,1.300000000000000000e+01,1.300000000000000000e+01,7.410649735269842608e+00,1.134573968421615930e+01,6.806265859823698250e+00,1.161527066449647805e+01,6.799999999999999822e+00,1.090000000000000036e+01,7.005638531697846894e+00,1.128700344957088042e+01,1.000000000000000000e+00,1.746091525563471247e-01
8.000000000000000000e+00,1.500000000000000000e+01,4.000000000000000000e+00,1.300000000000000000e+01,8.000000000000000000e+00,1.000000000000000000e+01,9.000000000000000000e+00,7.000000000000000000e+00,1.800000000000000000e+01,6.000000000000000000e+00,1.300000000000000000e+01,1.300000000000000000e+01,9.250000000000000000e+00,1.450000000000000000e+01,8.865018844568242073e+00,1.327866492239646057e+01,9.589777751488332669e+00,1.353694437872083256e+01,9.234932198685525506e+00,1.377186976703909771e+01,0.000000000000000000e+00,8.870827547027201887e-02
8.000000000000000000e+00,1.500000000000000000e+01,4.000000000000000000e+00,1.300000000000000000e+01,8.000000000000000000e+00,1.000000000000000000e+01,9.000000000000000000e+00,7.000000000000000000e+00,1.800000000000000000e+01,6.000000000000000000e+00,1.300000000000000000e+01,1.300000000000000000e+01,7.409715382207154200e+00,1.292912329343555200e+01,8.349297555860596631e+00,1.262445740588646359e+01,8.155641341252952259e+00,1.357660335313237887e+01,7.971551426440234955e+00,1.304339468415146541e+01,0.000000000000000000e+00,1.168509338764501804e-01
8.000000000000000000e+00,1.500000000000000000e+01,4.000000000000000000e+00,1.300000000000000000e+01,8.000000000000000000e+00,1.000000000000000000e+01,9.000000000000000000e+00,7.000000000000000000e+00,1.800000000000000000e+01,6.000000000000000000e+00,1.300000000000000000e+01,1.300000000000000000e+01,8.865018844568242073e+00,1.327866492239646057e+01,8.349297555860596631e+00,1.262445740588646359e+01,9.180992512809474704e+00,1.257713488619173958e+01,8.798436304412771136e+00,1.282675240482488732e+01,0.000000000000000000e+00,1.613567755784071078e-01
8.000000000000000000e+00,1.500000000000000000e+01,4.000000000000000000e+00,1.300000000000000000e+01,8.000000000000000000e+00,1.000000000000000000e+01,9.000000000000000000e+00,7.000000000000000000e+00,1.800000000000000000e+01,6.000000000000000000e+00,1.300000000000000000e+01,1.300000000000000000e+01,8.155641341252952259e+00,1.357660335313237887e+01,9.250000000000000000e+00,1.450000000000000000e+01,8.625000000000000000e+00,1.475000000000000000e+01,8.676880447084316827e+00,1.427553445104412511e+01,0.000000000000000000e+00,6.385633236239053601e-02
8.000000000000000000e+00,1.500000000000000000e+01,4.000000000000000000e+00,1.300000000000000000e+01,8.000000000000000000e+00,1.000000000000000000e+01,9.000000000000000000e+00,7.000000000000000000e+00,1.800000000000000000e+01,6.000000000000000000e+00,1.300000000000000000e+01,1.300000000000000000e+01,8.349297555860596631e+00,1.262445740588646359e+01,8.598055178136011278e+00,1.187910261270310741e+01,9.180992512809474704e+00,1.257713488619173958e+01,8.709448415602027538e+00,1.236023163492710353e+01,0.000000000000000000e+00,1.613567755784071078e-01
8.000000000000000000e+00,1.500000000000000000e+01,4.000000000000000000e+00,1.300000000000000000e+01,8.000000000000000000e+00,1.000000000000000000e+01,9.000000000000000000e+00,7.000000000000000000e+00,1.800000000000000000e+01,6.000000000000000000e+00,1.300000000000000000e+01,1.300000000000000000e+01,6.678881664731779466e+00,1.226465505379988130e+01,7.819047744305037462e+00,1.198196922729502134e+01,7.409715382207154200e+00,1.292912329343555200e+01,7.302548263747990376e+00,1.239191585817681762e+01,0.000000000000000000e+00,1.721894907154593313e-01
8.000000000000000000e+00,1.500000000000000000e+01,4.000000000000000000e+00,1.300000000000000000e+01,8.000000000000000000e+00,1.000000000000000000e+01,9.000000000000000000e+00,7.000000000000000000e+00,1.800000000000000000e+01,6.000000000000000000e+00,1.300000000000000000e+01,1.300000000000000000e+01,8.155641341252952259e+00,1.357660335313237887e+01,8.349297555860596631e+00,1.262445740588646359e+01,8.865018844568242073e+00,1.327866492239646057e+01,8.456652580560595212e+00,1.315990856047176827e+01,0.000000000000000000e+00,1.168509338764501804e-01
8.000000000000000000e+00,1.500000000000000000e+01,4.000000000000000000e+00,1.300000000000000000e+01,8.000000000000000000e+00,1.000000000000000000e+01,9.000000000000000000e+00,7.000000000000000000e+00,1.800000000000000000e+01,6.000000000000000000e+00,1.300000000000000000e+01,1.300000000000000000e+01,8.598055178136011278e+00,1.187910261270310741e+01,8.349297555860596631e+00,1.262445740588646359e+01,7.819047744305037462e+00,1.198196922729502134e+01,8.255466826100549937e+00,1.216184308196153019e+01,0.000000000000000000e+00,1.613567755784071078e-01
8.000000000000000000e+00,1.500000000000000000e+01,4.000000000000000000e+00,1.300000000000000000e+01,8.000000000000000000e+00,1.000000000000000000e+01,9.000000000000000000e+00,7.000000000000000000e+00,1.800000000000000000e+01,6.000000000000000000e+00,1.300000000000000000e+01,1.300000000000000000e+01,8.086620358707060419e+00,1.100715338573355950e+01,8.598055178136011278e+00,1.187910261270310741e+01,7.819047744305037462e+00,1.198196922729502134e+01,8.167907760382703941e+00,1.162274174191056453e+01,0.000000000000000000e+00,1.713175757389156784e-01
8.000000000000000000e+00,1.500000000000000000e+01,4.000000000000000000e+00,1.300000000000000000e+01,8.000000000000000000e+00,1.000000000000000000e+01,9.000000000000000000e+00,7.000000000000000000e+00,1.800000000000000000e+01,6.000000000000000000e+00,1.300000000000000000e+01,1.300000000000000000e+01,9.180992512809474704e+00,1.257713488619173958e+01,8.598055178136011278e+00,1.187910261270310741e+01,9.149444588464810124e+00,1.131927778247602490e+01,8.976164093136764777e+00,1.192517176045695670e+01,0.000000000000000000e+00,1.713175757389156784e-01
8.000000000000000000e+00,1.500000000000000000e+01,4.000000000000000000e+00,1.300000000000000000e+01,8.000000000000000000e+00,1.000000000000000000e+01,9.000000000000000000e+00,7.000000000000000000e+00,1.800000000000000000e+01,6.000000000000000000e+00,1.300000000000000000e+01,1.300000000000000000e+01,7.410649735269842608e+00,1.134573968421615930e+01,8.086620358707060419e+00,1.100715338573355950e+01,7.819047744305037462e+00,1.198196922729502134e+01,7.772105946093979867e+00,1.144495409908157946e+01,0.000000000000000000e+00,1.839376575933254487e-01
8.000000000000000000e+00,1.500000000000000000e+01,4.000000000000000000e+00,1.300000000000000000e+01,8.000000000000000000e+00,1.000000000000000000e+01,9.000000000000000000e+00,7.000000000000000000e+00,1.800000000000000000e+01,6.000000000000000000e+00,1.300000000000000000e+01,1.300000000000000000e+01,8.000000000000000000e+00,1.000000000000000000e+01,8.933179754441816556e+00,1.025000625728135262e+01,8.709501330532619434e+00,1.085175221102090504e+01,8.547560361658144146e+00,1.036725282276741922e+01,1.000000000000000000e+00,1.086280775567080858e-01
8.000000000000000000e+00,1.500000000000000000e+01,4.000000000000000000e+00,1.300000000000000000e+01,8.000000000000000000e+00,1.000000000000000000e+01,9.000000000000000000e+00,7.000000000000000000e+00,1.800000000000000000e+01,6.000000000000000000e+00,1.300000000000000000e+01,1.300000000000000000e+01,7.819047744305037462e+00,1.198196922729502134e+01,6.678881664731779466e+00,1.226465505379988130e+01,6.806265859823698250e+00,1.161527066449647805e+01,7.101398422953505651e+00,1.195396498186379297e+01,0.000000000000000000e+00,1.746091525563471247e-01
8.000000000000000000e+00,1.500000000000000000e+01,4.000000000000000000e+00,1.300000000000000000e+01,8.000000000000000000e+00,1.000000000000000000e+01,9.000000000000000000e+00,7.000000000000000000e+00,1.800000000000000000e+01,6.000000000000000000e+00,1.300000000000000000e+01,1.300000000000000000e+01,7.400000000000000355e+00,1.044999999999999929e+01,7.410649735269842608e+00,1.134573968421615930e+01,6.799999999999999822e+00,1.090000000000000036e+01,7.203549911756613966e+00,1.089857989473871847e+01,1.000000000000000000e+00,2.734984144495822833e-01
8.000000000000000000e+00,1.500000000000000000e+01,4.000000000000000000e+00,1.300000000000000000e+01,8.000000000000000000e+00,1.000000000000000000e+01,9.000000000000000000e+00,7.000000000000000000e+00,1.800000000000000000e+01,6.000000000000000000e+00,1.300000000000000000e+01,1.300000000000000000e+01,7.819047744305037462e+00,1.198196922729502134e+01,8.349297555860596631e+00,1.262445740588646359e+01,7.409715382207154200e+00,1.292912329343555200e+01,7.859353560790928839e+00,1.251184997553901290e+01,0.000000000000000000e+00,1.613567755784071078e-01
8.000000000000000000e+00,1.500000000000000000e+01,4.000000000000000000e+00,1.300000000000000000e+01,8.000000000000000000e+00,1.000000000000000000e+01,9.000000000000000000e+00,7.000000000000000000e+00,1.800000000000000000e+01,6.000000000000000000e+00,1.300000000000000000e+01,1.300000000000000000e+01,6.678881664731779466e+00,1.226465505379988130e+01,6.500275825430320786e+00,1.319524754062850391e+01,5.896293386931427349e+00,1.259689110704469073e+01,6.358483625697843422e+00,1.268559790049102531e+01,0.000000000000000000e+00,2.216934272791117322e-01
8.000000000000000000e+00,1.500000000000000000e+01,4.000000000000000000e+00,1.300000000000000000e+01,8.000000000000000000e+00,1.000000000000000000e+01,9.000000000000000000e+00,7.000000000000000000e+00,1.800000000000000000e+01,6.000000000000000000e+00,1.300000000000000000e+01,1.300000000000000000e+01,7.349228891087960847e+00,1.375221648056573187e+01,7.409715382207154200e+00,1.292912329343555200e+01,8.155641341252952259e+00,1.357660335313237887e+01,7.638195204849355768e+00,1.341931437571122210e+01,0.000000000000000000e+00,1.108825952346608329e-01
8.000000000000000000e+00,1.500000000000000000e+01,4.000000000000000000e+00,1.300000000000000000e+01,8.000000000000000000e+00,1.000000000000000000e+01,9.000000000000000000e+00,7.000000000000000000e+00,1.800000000000000000e+01,6.000000000000000000e+00,1.300000000000000000e+01,1.300000000000000000e+01,7.409715382207154200e+00,1.292912329343555200e+01,7.349228891087960847e+00,1.375221648056573187e+01,6.500275825430320786e+00,1.319524754062850391e+01,7.086406699575145574e+00,1.329219577154326259e+01,0.000000000000000000e+00,1.108825952346608329e-01
8.000000000000000000e+00,1.500000000000000000e+01,4.000000000000000000e+00,1.300000000000000000e+01,8.000000000000000000e+00,1.000000000000000000e+01,9.000000000000000000e+00,7.000000000000000000e+00,1.800000000000000000e+01,6.000000000000000000e+00,1.300000000000000000e+01,1.300000000000000000e+01,5.278777832721909924e+00,1.288469267475539048e+01,5.447213595499958316e+00,1.372360679774998005e+01,4.894427190999915744e+00,1.344721359549995832e+01,5.206806206407261328e+00,1.335183768933511139e+01,1.000000000000000000e+00,2.452758924525459405e-01
8.000000000000000000e+00,1.500000000000000000e+01,4.000000000000000000e+00,1.300000000000000000e+01,8.000000000000000000e+00,1.000000000000000000e+01,9.000000000000000000e+00,7.000000000000000000e+00,1.800000000000000000e+01,6.000000000000000000e+00,1.300000000000000000e+01,1.300000000000000000e+01,7.000000000000000000e+00,1.450000000000000000e+01,7.349228891087960847e+00,1.375221648056573187e+01,7.883677591153456454e+00,1.426707309678088897e+01,7.410968827413806359e+00,1.417309652578220636e+01,1.000000000000000000e+00,6.606080841893041677e-02
8.000000000000000000e+00,1.500000000000000000e+01,4.000000000000000000e+00,1.300000000000000000e+01,8.000000000000000000e+00,1.000000000000000000e+01,9.000000000000000000e+00,7.000000000000000000e+00,1.800000000000000000e+01,6.000000000000000000e+00,1.300000000000000000e+01,1.300000000000000000e+01,6.678881664731779466e+00,1.226465505379988130e+01,7.409715382207154200e+00,1.292912329343555200e+01,6.500275825430320786e+00,1.319524754062850391e+01,6.862957624123084521e+00,1.279634196262131240e+01,0.000000000000000000e+00,1.721894907154593313e-01
8.000000000000000000e+00,1.500000000000000000e+01,4.000000000000000000e+00,1.300000000000000000e+01,8.000000000000000000e+00,1.000000000000000000e+01,9.000000000000000000e+00,7.000000000000000000e+00,1.800000000000000000e+01,6.000000000000000000e+00,1.300000000000000000e+01,1.300000000000000000e+01,7.883677591153456454e+00,1.426707309678088897e+01,7.349228891087960847e+00,1.375221648056573187e+01,8.155641341252952259e+00,1.357660335313237887e+01,7.796182607831457112e+00,1.386529764349299931e+01,0.000000000000000000e+00,6.606080841893041677e-02
8.000000000000000000e+00,1.500000000000000000e+01,4.000000000000000000e+00,1.300000000000000000e+01,8.000000000000000000e+00,1.000000000000000000e+01,9.000000000000000000e+00,7.000000000000000000e+00,1.800000000000000000e+01,6.000000000000000000e+00,1.300000000000000000e+01,1.300000000000000000e+01,7.349228891087960847e+00,1.375221648056573187e+01,7.000000000000000000e+00,1.450000000000000000e+01,6.000000000000000000e+00,1.400000000000000000e+01,6.783076297029320578e+00,1.408407216018857788e+01,1.000000000000000000e+00,1.108825952346608329e-01
8.000000000000000000e+00,1.500000000000000000e+01,4.000000000000000000e+00,1.300000000000000000e+01,8.000000000000000000e+00,1.000000000000000000e+01,9.000000000000000000e+00,7.000000000000000000e+00,1.800000000000000000e+01,6.000000000000000000e+00,1.300000000000000000e+01,1.300000000000000000e+01,8.625000000000000000e+00,1.475000000000000000e+01,7.883677591153456454e+00,1.426707309678088897e+01,8.155641341252952259e+00,1.357660335313237887e+01,8.221439644135470459e+00,1.419789214997108928e+01,0.000000000000000000e+00,6.385633236239053601e-02
8.000000000000000000e+00,1.500000000000000000e+01,4.000000000000000000e+00,1.300000000000000000e+01,8.000000000000000000e+00,1.000000000000000000e+01,9.000000000000000000e+00,7.000000000000000000e+00,1.800000000000000000e+01,6.000000000000000000e+00,1.300000000000000000e+01,1.300000000000000000e+01,7.000000000000000000e+00,1.450000000000000000e+01,7.883677591153456454e+00,1.426707309678088897e+01,8.000000000000000000e+00,1.500000000000000000e+01,7.627892530384485781e+00,1.458902436559363025e+01,1.000000000000000000e+00,6.606080841893041677e-02
8.000000000000000000e+00,1.500000000000000000e+01,4.000000000000000000e+00,1.300000000000000000e+01,8.000000000000000000e+00,1.000000000000000000e+01,9.000000000000000000e+00,7.000000000000000000e+00,1.800000000000000000e+01,6.000000000000000000e+00,1.300000000000000000e+01,1.300000000000000000e+01,4.894427190999915744e+00,1.344721359549995832e+01,4.799999999999999822e+00,1.240000000000000036e+01,5.278777832721909924e+00,1.288469267475539048e+01,4.991068341240608497e+00,1.291063542341844972e+01,1.000000000000000000e+00,2.452758924525459405e-01
8.000000000000000000e+00,1.500000000000000000e+01,4.000000000000000000e+00,1.300000000000000000e+01,8.000000000000000000e+00,1.000000000000000000e+01,9.000000000000000000e+00,7.000000000000000000e+00,1.800000000000000000e+01,6.000000000000000000e+00,1.300000000000000000e+01,1.300000000000000000e+01,4.894427190999915744e+00,1.344721359549995832e+01,4.000000000000000000e+00,1.300000000000000000e+01,4.799999999999999822e+00,1.240000000000000036e+01,4.564809063666639410e+00,1.294907119849998622e+01,1.000000000000000000e+00,5.000000000000000000e-01
8.000000000000000000e+00,1.500000000000000000e+01,4.000000000000000000e+00,1.300000000000000000e+01,8.000000000000000000e+00,1.000000000000000000e+01,9.000000000000000000e+00,7.000000000000000000e+00,1.800000000000000000e+01,6.000000000000000000e+00,1.300000000000000000e+01,1.300000000000000000e+01,6.000000000000000000e+00,1.400000000000000000e+01,5.447213595499958316e+00,1.372360679774998005e+01,6.500275825430320786e+00,1.319524754062850391e+01,5.982496473643426071e+00,1.363961811279282621e+01,1.000000000000000000e+00,4.515898925726758439e-01
8.000000000000000000e+00,1.500000000000000000e+01,4.000000000000000000e+00,1.300000000000000000e+01,8.000000000000000000e+00,1.000000000000000000e+01,9.000000000000000000e+00,7.000000000000000000e+00,1.800000000000000000e+01,6.000000000000000000e+00,1.300000000000000000e+01,1.300000000000000000e+01,5.599999999999999645e+00,1.180000000000000071e+01,5.896293386931427349e+00,1.259689110704469073e+01,5.278777832721909924e+00,1.288469267475539048e+01,5.591690406551112602e+00,1.242719459393335946e+01,1.000000000000000000e+00,2.452758924525459405e-01
8.000000000000000000e+00,1.500000000000000000e+01,4.000000000000000000e+00,1.300000000000000000e+01,8.000000000000000000e+00,1.000000000000000000e+01,9.000000000000000000e+00,7.000000000000000000e+00,1.800000000000000000e+01,6.000000000000000000e+00,1.300000000000000000e+01,1.300000000000000000e+01,8.598055178136011278e+00,1.187910261270310741e+01,8.709501330532619434e+00,1.085175221102090504e+01,9.149444588464810124e+00,1.131927778247602490e+01,8.819000365711147538e+00,1.135004420206667852e+01,0.000000000000000000e+00,1.713175757389156784e-01
8.000000000000000000e+00,1.500000000000000000e+01,4.000000000000000000e+00,1.300000000000000000e+01,8.000000000000000000e+00,1.000000000000000000e+01,9.000000000000000000e+00,7.000000000000000000e+00,1.800000000000000000e+01,6.000000000000000000e+00,1.300000000000000000e+01,1.300000000000000000e+01,7.410649735269842608e+00,1.134573968421615930e+01,7.400000000000000355e+00,1.044999999999999929e+01,8.086620358707060419e+00,1.100715338573355950e+01,7.632423364658968090e+00,1.093429768998323937e+01,1.000000000000000000e+00,1.839376575933254487e-01
8.000000000000000000e+00,1.500000000000000000e+01,4.000000000000000000e+00,1.300000000000000000e+01,8.000000000000000000e+00,1.000000000000000000e+01,9.000000000000000000e+00,7.000000000000000000e+00,1.800000000000000000e+01,6.000000000000000000e+00,1.300000000000000000e+01,1.300000000000000000e+01,8.000000000000000000e+00,1.000000000000000000e+01,8.709501330532619434e+00,1.085175221102090504e+01,8.086620358707060419e+00,1.100715338573355950e+01,8.265373896413224841e+00,1.061963519891815544e+01,1.000000000000000000e+00,1.839376575933254487e-01
8.000000000000000000e+00,1.500000000000000000e+01,4.000000000000000000e+00,1.300000000000000000e+01,8.000000000000000000e+00,1.000000000000000000e+01,9.000000000000000000e+00,7.000000000000000000e+00,1.800000000000000000e+01,6.000000000000000000e+00,1.300000000000000000e+01,1.300000000000000000e+01,5.599999999999999645e+00,1.180000000000000071e+01,5.278777832721909924e+00,1.288469267475539048e+01,4.799999999999999822e+00,1.240000000000000036e+01,5.226259277573969797e+00,1.236156422491846207e+01,1.000000000000000000e+00,2.452758924525459405e-01
8.000000000000000000e+00,1.500000000000000000e+01,4.000000000000000000e+00,1.300000000000000000e+01,8.000000000000000000e+00,1.000000000000000000e+01,9.000000000000000000e+00,7.000000000000000000e+00,1.800000000000000000e+01,6.000000000000000000e+00,1.300000000000000000e+01,1.300000000000000000e+01,6.678881664731779466e+00,1.226465505379988130e+01,5.599999999999999645e+00,1.180000000000000071e+01,6.199999999999999289e+00,1.135000000000000142e+01,6.159627221577260059e+00,1.180488501793329448e+01,1.000000000000000000e+00,2.216934272791117322e-01
8.000000000000000000e+00,1.500000000000000000e+01,4.000000000000000000e+00,1.300000000000000000e+01,8.000000000000000000e+00,1.000000000000000000e+01,9.000000000000000000e+00,7.000000000000000000e+00,1.800000000000000000e+01,6.000000000000000000e+00,1.300000000000000000e+01,1.300000000000000000e+01,5.896293386931427349e+00,1.259689110704469073e+01,6.500275825430320786e+00,1.319524754062850391e+01,5.447213595499958316e+00,1.372360679774998005e+01,5.947927602620569409e+00,1.317191514847439215e+01,1.000000000000000000e+00,4.515898925726758439e-01
8.000000000000000000e+00,1.500000000000000000e+01,4.000000000000000000e+00,1.300000000000000000e+01,8.000000000000000000e+00,1.000000000000000000e+01,9.000000000000000000e+00,7.000000000000000000e+00,1.800000000000000000e+01,6.000000000000000000e+00,1.300000000000000000e+01,1.300000000000000000e+01,6.678881664731779466e+00,1.226465505379988130e+01,6.199999999999999289e+00,1.135000000000000142e+01,6.806265859823698250e+00,1.161527066449647805e+01,6.561715841518491743e+00,1.174330857276545181e+01,1.000000000000000000e+00,1.746091525563471247e-01
8.000000000000000000e+00,1.500000000000000000e+01,4.000000000000000000e+00,1.300000000000000000e+01,8.000000000000000000e+00,1.000000000000000000e+01,9.000000000000000000e+00,7.000000000000000000e+00,1.800000000000000000e+01,6.000000000000000000e+00,1.300000000000000000e+01,1.300000000000000000e+01,5.447213595499958316e+00,1.372360679774998005e+01,5.278777832721909924e+00,1.288469267475539048e+01,5.896293386931427349e+00,1.259689110704469073e+01,5.540761605051097938e+00,1.306839685985002042e+01,1.000000000000000000e+00,2.452758924525459405e-01
8.000000000000000000e+00,1.500000000000000000e+01,4.000000000000000000e+00,1.300000000000000000e+01,8.000000000000000000e+00,1.000000000000000000e+01,9.000000000000000000e+00,7.000000000000000000e+00,1.800000000000000000e+01,6.000000000000000000e+00,1.300000000000000000e+01,1.300000000000000000e+01,6.799999999999999822e+00,1.090000000000000036e+01,6.806265859823698250e+00,1.161527066449647805e+01,6.199999999999999289e+00,1.135000000000000142e+01,6.602088619941231862e+00,1.128842355483215876e+01,1.000000000000000000e+00,1.746091525563471247e-01
8.000000000000000000e+00,1.500000000000000000e+01,4.000000000000000000e+00,1.300000000000000000e+01,8.000000000000000000e+00,1.000000000000000000e+01,9.000000000000000000e+00,7.000000000000000000e+00,1.800000000000000000e+01,6.000000000000000000e+00,1.300000000000000000e+01,1.300000000000000000e+01,1.357999753909381546e+01,1.078231860293533728e+01,1.299121831351449430e+01,1.190353380033484854e+01,1.261993424881954873e+01,1.131457093016291005e+01,1.306371670047595224e+01,1.133347444447769981e+01,0.000000000000000000e+00,2.513320304516390435e-01
8.000000000000000000e+00,1.500000000000000000e+01,4.000000000000000000e+00,1.300000000000000000e+01,8.000000000000000000e+00,1.000000000000000000e+01,9.000000000000000000e+00,7.000000000000000000e+00,1.800000000000000000e+01,6.000000000000000000e+00,1.300000000000000000e+01,1.300000000000000000e+01,1.366876180628090331e+01,1.206373347120673500e+01,1.299121831351449430e+01,1.190353380033484854e+01,1.357999753909381546e+01,1.078231860293533728e+01,1.341332588629640554e+01,1.158319529149230753e+01,0.000000000000000000e+00,2.513320304516390435e-01
8.000000000000000000e+00,1.500000000000000000e+01,4.000000000000000000e+00,1.300000000000000000e+01,8.000000000000000000e+00,1.000000000000000000e+01,9.000000000000000000e+00,7.000000000000000000e+00,1.800000000000000000e+01,6.000000000000000000e+00,1.300000000000000000e+01,1.300000000000000000e+01,1.300000000000000000e+01,1.300000000000000000e+01,1.299121831351449430e+01,1.190353380033484854e+01,1.366876180628090331e+01,1.206373347120673500e+01,1.321999337326513313e+01,1.232242242384719511e+01,0.000000000000000000e+00,2.435742246054103666e-01
